date,region,ao_id,q_user_id,user_id,Current Post Count
2026-01-09,f3crossroads,C0168ASEPD5,U041R4GK79V,U041R4GK79V,1
2026-01-10,f3crossroads,C017CTS0UQG,U016ZUU67BN,U016890PYHM,1
2026-01-10,f3crossroads,C017CTS0UQG,U016ZUU67BN,U016M1Z8NLE,1
2026-01-10,f3crossroads,C017CTS0UQG,U016ZUU67BN,U016P7DMTGT,1
2026-01-10,f3crossroads,C017CTS0UQG,U016ZUU67BN,U016ZUU67BN,1
2026-01-10,f3crossroads,C017CTS0UQG,U016ZUU67BN,U017BQTUL3D,1
2026-01-10,f3crossroads,C017CTS0UQG,U016ZUU67BN,U017E4NMFQV,1
2026-01-10,f3crossroads,C017CTS0UQG,U016ZUU67BN,U017QPPJVJ5,1
2026-01-10,f3crossroads,C017CTS0UQG,U016ZUU67BN,U019MT194E7,1
2026-01-10,f3crossroads,C017CTS0UQG,U016ZUU67BN,U019Y7P6XPF,1
2026-01-10,f3crossroads,C017CTS0UQG,U016ZUU67BN,U01C4AULU5B,1
2026-01-10,f3crossroads,C017CTS0UQG,U016ZUU67BN,U01KXPKDF97,1
2026-01-10,f3crossroads,C017CTS0UQG,U016ZUU67BN,U020A3PMS14,1
2026-01-10,f3crossroads,C017CTS0UQG,U016ZUU67BN,U020A7W78FQ,1
2026-01-10,f3crossroads,C017CTS0UQG,U016ZUU67BN,U02A96W697X,1
2026-01-10,f3crossroads,C017CTS0UQG,U016ZUU67BN,U02F2UV0MCL,1
2026-01-10,f3crossroads,C017CTS0UQG,U016ZUU67BN,U02KN9HUSE6,1
2026-01-10,f3crossroads,C017CTS0UQG,U016ZUU67BN,U02NBKHN3NK,1
2026-01-10,f3crossroads,C017CTS0UQG,U016ZUU67BN,U02NST5BMKJ,1
2026-01-10,f3crossroads,C017CTS0UQG,U016ZUU67BN,U03765UPB8C,1
2026-01-10,f3crossroads,C017CTS0UQG,U016ZUU67BN,U03EPDEKY4U,1
2026-01-10,f3crossroads,C017CTS0UQG,U016ZUU67BN,U03KV19V5JS,1
2026-01-10,f3crossroads,C017CTS0UQG,U016ZUU67BN,U03SJESV9JR,1
2026-01-10,f3crossroads,C017CTS0UQG,U016ZUU67BN,U03T43SBJNA,1
2026-01-10,f3crossroads,C017CTS0UQG,U016ZUU67BN,U03TX17L7AQ,1
2026-01-10,f3crossroads,C017CTS0UQG,U016ZUU67BN,U03TYSW2933,1
2026-01-10,f3crossroads,C017CTS0UQG,U016ZUU67BN,U040R8S1N6P,1
2026-01-10,f3crossroads,C017CTS0UQG,U016ZUU67BN,U041R4GK79V,1
2026-01-10,f3crossroads,C017CTS0UQG,U016ZUU67BN,U041T9ACB3L,1
2026-01-10,f3crossroads,C017CTS0UQG,U016ZUU67BN,U04H3PWJN5A,1
2026-01-10,f3crossroads,C017CTS0UQG,U016ZUU67BN,U04RBT6T8RJ,1
2026-01-10,f3crossroads,C017CTS0UQG,U016ZUU67BN,U04RQB0TXFS,1
2026-01-10,f3crossroads,C017CTS0UQG,U016ZUU67BN,U04U8EGCQS1,1
2026-01-10,f3crossroads,C017CTS0UQG,U016ZUU67BN,U051330RY2J,1
2026-01-10,f3crossroads,C017CTS0UQG,U016ZUU67BN,U0536BG9AMU,1
2026-01-10,f3crossroads,C017CTS0UQG,U016ZUU67BN,U058SP7GRJ6,1
2026-01-10,f3crossroads,C017CTS0UQG,U016ZUU67BN,U05FDSP0YD7,1
2026-01-10,f3crossroads,C017CTS0UQG,U016ZUU67BN,U05J5AE2ZS5,1
2026-01-10,f3crossroads,C017CTS0UQG,U016ZUU67BN,U05LL7ESE79,1
2026-01-10,f3crossroads,C017CTS0UQG,U016ZUU67BN,U05QD3D6ZK7,1
2026-01-10,f3crossroads,C017CTS0UQG,U016ZUU67BN,U05ULCL3806,1
2026-01-10,f3crossroads,C017CTS0UQG,U016ZUU67BN,U064F9H5MAR,1
2026-01-10,f3crossroads,C017CTS0UQG,U016ZUU67BN,U06A1RN2DQF,1
2026-01-10,f3crossroads,C017CTS0UQG,U016ZUU67BN,U06GZ8ECZC5,1
2026-01-10,f3crossroads,C017CTS0UQG,U016ZUU67BN,U06H3QB4KMY,1
2026-01-10,f3crossroads,C017CTS0UQG,U016ZUU67BN,U06K8PKQGA1,1
2026-01-10,f3crossroads,C017CTS0UQG,U016ZUU67BN,U071GSVM24B,1
2026-01-10,f3crossroads,C017CTS0UQG,U016ZUU67BN,U074T16JBDX,1
2026-01-10,f3crossroads,C017CTS0UQG,U016ZUU67BN,U077RQMTNG3,1
2026-01-10,f3crossroads,C017CTS0UQG,U016ZUU67BN,U07GJC6UG1Z,1
2026-01-10,f3crossroads,C017CTS0UQG,U016ZUU67BN,U080FGLKUH5,1
2026-01-10,f3crossroads,C017CTS0UQG,U016ZUU67BN,U087CHQLZ7B,1
2026-01-10,f3crossroads,C017CTS0UQG,U016ZUU67BN,U092LRKGN2E,1
2026-01-10,f3crossroads,C017CTS0UQG,U016ZUU67BN,U098XEDSKJN,1
2026-01-10,f3crossroads,C017CTS0UQG,U016ZUU67BN,U0995LDSXNC,1
2026-01-10,f3crossroads,C017CTS0UQG,U016ZUU67BN,U09AH747KEF,1
2026-01-10,f3crossroads,C017CTS0UQG,U016ZUU67BN,U09BBJ81140,1
2026-01-04,f3crossroads,C017CTS0UQG,U03EPDEKY4U,U019MT194E7,1
2026-01-11,f3crossroads,C017CTS0UQG,U03EPDEKY4U,U019MT194E7,1
2026-01-04,f3crossroads,C017CTS0UQG,U03EPDEKY4U,U03EPDEKY4U,1
2026-01-11,f3crossroads,C017CTS0UQG,U03EPDEKY4U,U03EPDEKY4U,1
2026-01-04,f3crossroads,C017CTS0UQG,U03EPDEKY4U,U057QBF3TPW,1
2026-01-11,f3crossroads,C017CTS0UQG,U03EPDEKY4U,U057QBF3TPW,1
2026-01-04,f3crossroads,C017CTS0UQG,U03EPDEKY4U,U05TUKL5N87,1
2026-01-04,f3crossroads,C017CTS0UQG,U03EPDEKY4U,U05ULCL3806,1
2026-01-11,f3crossroads,C017CTS0UQG,U03EPDEKY4U,U05ULCL3806,1
2026-01-04,f3crossroads,C017CTS0UQG,U03EPDEKY4U,U06GZ8ECZC5,1
2026-01-11,f3crossroads,C017CTS0UQG,U03EPDEKY4U,U06GZ8ECZC5,1
2026-01-04,f3crossroads,C017CTS0UQG,U03EPDEKY4U,U075J9NN91N,1
2026-01-11,f3crossroads,C017CTS0UQG,U03EPDEKY4U,U087CHQLZ7B,1
2026-01-02,f3crossroads,C017CTS0UQG,U04RBT6T8RJ,U016M1Z8NLE,1
2026-01-02,f3crossroads,C017CTS0UQG,U04RBT6T8RJ,U017QPPJVJ5,1
2026-01-02,f3crossroads,C017CTS0UQG,U04RBT6T8RJ,U01KXPKDF97,1
2026-01-02,f3crossroads,C017CTS0UQG,U04RBT6T8RJ,U020A3PMS14,1
2026-01-02,f3crossroads,C017CTS0UQG,U04RBT6T8RJ,U03SX99V3PU,1
2026-01-02,f3crossroads,C017CTS0UQG,U04RBT6T8RJ,U03TYSW2933,1
2026-01-02,f3crossroads,C017CTS0UQG,U04RBT6T8RJ,U040R8S1N6P,1
2026-01-02,f3crossroads,C017CTS0UQG,U04RBT6T8RJ,U041R4GK79V,1
2026-01-02,f3crossroads,C017CTS0UQG,U04RBT6T8RJ,U04Q01BPTPE,1
2026-01-02,f3crossroads,C017CTS0UQG,U04RBT6T8RJ,U04RBT6T8RJ,1
2026-01-02,f3crossroads,C017CTS0UQG,U04RBT6T8RJ,U05TUKL5N87,1
2026-01-02,f3crossroads,C017CTS0UQG,U04RBT6T8RJ,U06A1RN2DQF,1
2026-01-02,f3crossroads,C017CTS0UQG,U04RBT6T8RJ,U06GZ8ECZC5,1
2026-01-02,f3crossroads,C017CTS0UQG,U04RBT6T8RJ,U087CHQLZ7B,1
2026-01-03,f3crossroads,C017CTS0UQG,U07GJC6UG1Z,U02KN9HUSE6,1
2026-01-03,f3crossroads,C017CTS0UQG,U07GJC6UG1Z,U031LSD0SP7,1
2026-01-03,f3crossroads,C017CTS0UQG,U07GJC6UG1Z,U03765UPB8C,1
2026-01-03,f3crossroads,C017CTS0UQG,U07GJC6UG1Z,U03HAJB5A9G,1
2026-01-03,f3crossroads,C017CTS0UQG,U07GJC6UG1Z,U03SJESV9JR,1
2026-01-03,f3crossroads,C017CTS0UQG,U07GJC6UG1Z,U03SX99V3PU,1
2026-01-03,f3crossroads,C017CTS0UQG,U07GJC6UG1Z,U03TX17L7AQ,1
2026-01-03,f3crossroads,C017CTS0UQG,U07GJC6UG1Z,U05QD3D6ZK7,1
2026-01-03,f3crossroads,C017CTS0UQG,U07GJC6UG1Z,U06A1RN2DQF,1
2026-01-03,f3crossroads,C017CTS0UQG,U07GJC6UG1Z,U06GZE2D66R,1
2026-01-03,f3crossroads,C017CTS0UQG,U07GJC6UG1Z,U06H3QB4KMY,1
2026-01-03,f3crossroads,C017CTS0UQG,U07GJC6UG1Z,U074T16JBDX,1
2026-01-03,f3crossroads,C017CTS0UQG,U07GJC6UG1Z,U07GDNBSZ0Q,1
2026-01-03,f3crossroads,C017CTS0UQG,U07GJC6UG1Z,U07GJC6UG1Z,1
2026-01-03,f3crossroads,C017CTS0UQG,U07GJC6UG1Z,U07UCTA492S,1
2026-01-03,f3crossroads,C017CTS0UQG,U07GJC6UG1Z,U087CHQLZ7B,1
2026-01-03,f3crossroads,C017CTS0UQG,U07GJC6UG1Z,U0995LDSXNC,1
2026-01-03,f3crossroads,C017CTS0UQG,U07GJC6UG1Z,U09Q74ECF54,1
2026-01-03,f3crossroads,C017KB6LEP7,U0171K8109F,U016890PYHM,1
2026-01-03,f3crossroads,C017KB6LEP7,U0171K8109F,U0171K8109F,1
2026-01-05,f3crossroads,C017KB6LEP7,U0171K8109F,U0171K8109F,1
2026-01-06,f3crossroads,C017KB6LEP7,U0171K8109F,U0171K8109F,1
2026-01-10,f3crossroads,C017KB6LEP7,U0171K8109F,U0171K8109F,1
2026-01-10,f3crossroads,C017KB6LEP7,U0171K8109F,U05ULCL3806,1
2026-01-05,f3crossroads,C017KB6LEP7,U0171K8109F,U06K8PKQGA1,1
2026-01-06,f3crossroads,C017KB6LEP7,U0171K8109F,U06K8PKQGA1,1
2026-01-10,f3crossroads,C017KB6LEP7,U0194BS66MQ,U0194BS66MQ,1
2026-01-10,f3crossroads,C017KB6LEP7,U0194BS66MQ,U057QBF3TPW,1
2026-01-13,f3crossroads,C017KB6LEP7,U02KN9HUSE6,U018098KAAC,1
2026-01-13,f3crossroads,C017KB6LEP7,U02KN9HUSE6,U02KN9HUSE6,1
2026-01-03,f3crossroads,C017KB6LEP7,U03ESCYKTGR,U03ESCYKTGR,1
2026-01-03,f3crossroads,C017KB6LEP7,U03ESCYKTGR,U03TX17L7AQ,1
2026-01-03,f3crossroads,C017KB6LEP7,U03H797905V,U03H797905V,1
2026-01-03,f3crossroads,C017KB6LEP7,U03H797905V,U03TX17L7AQ,1
2026-01-07,f3crossroads,C017KB6LEP7,U040YRLSFNW,U02KN9HUSE6,1
2026-01-07,f3crossroads,C017KB6LEP7,U040YRLSFNW,U03SUM8JU2Z,1
2026-01-07,f3crossroads,C017KB6LEP7,U040YRLSFNW,U040YRLSFNW,1
2026-01-07,f3crossroads,C017KB6LEP7,U040YRLSFNW,U057QBF3TPW,1
2026-01-13,f3crossroads,C017KB6LEP7,U041ATZKYR3,U040R8S1N6P,1
2026-01-03,f3crossroads,C017KB6LEP7,U041ATZKYR3,U041ATZKYR3,1
2026-01-10,f3crossroads,C017KB6LEP7,U041ATZKYR3,U041ATZKYR3,1
2026-01-13,f3crossroads,C017KB6LEP7,U041ATZKYR3,U041ATZKYR3,1
2026-01-03,f3crossroads,C017KB6LEP7,U041ATZKYR3,U057QBF3TPW,1
2026-01-10,f3crossroads,C017KB6LEP7,U041ATZKYR3,U057QBF3TPW,1
2026-01-10,f3crossroads,C017KB6LEP7,U041ATZKYR3,U077RQMTNG3,1
2026-01-05,f3crossroads,C017KB6LEP7,U04M8MS2WHJ,U04M8MS2WHJ,1
2026-01-12,f3crossroads,C017KB6LEP7,U04M8MS2WHJ,U04M8MS2WHJ,1
2026-01-05,f3crossroads,C017KB6LEP7,U04M8MS2WHJ,U04RQB0TXFS,1
2026-01-12,f3crossroads,C017KB6LEP7,U04M8MS2WHJ,U04RQB0TXFS,1
2026-01-12,f3crossroads,C017KB6LEP7,U04M8MS2WHJ,U04U8EGCQS1,1
2026-01-05,f3crossroads,C017KB6LEP7,U04M8MS2WHJ,U071GSVM24B,1
2026-01-08,f3crossroads,C017KB6LEP7,U057QBF3TPW,U057QBF3TPW,1
2026-01-10,f3crossroads,C017KB6LEP7,U057QBF3TPW,U057QBF3TPW,1
2026-01-02,f3crossroads,C017KB6LEP7,U064F9H5MAR,U057QBF3TPW,1
2026-01-02,f3crossroads,C017KB6LEP7,U064F9H5MAR,U064F9H5MAR,1
2026-01-07,f3crossroads,C017KB6LEP7,U06TFS9Q7UL,U018098KAAC,1
2026-01-07,f3crossroads,C017KB6LEP7,U06TFS9Q7UL,U03TX17L7AQ,1
2026-01-07,f3crossroads,C017KB6LEP7,U06TFS9Q7UL,U06K8PKQGA1,1
2026-01-07,f3crossroads,C017KB6LEP7,U06TFS9Q7UL,U06TFS9Q7UL,1
2026-01-01,f3crossroads,C017KB6LEP7,U071GSVM24B,U03KKAHVC8J,1
2026-01-01,f3crossroads,C017KB6LEP7,U071GSVM24B,U071GSVM24B,1
2026-01-02,f3crossroads,C017KB6LEP7,U071GSVM24B,U071GSVM24B,1
2026-01-06,f3crossroads,C017KB6LEP7,U071GSVM24B,U071GSVM24B,1
2026-01-01,f3crossroads,C017KB6LEP7,U07UCTA492S,U057QBF3TPW,1
2026-01-01,f3crossroads,C017KB6LEP7,U07UCTA492S,U07UCTA492S,1
2026-01-02,f3crossroads,C017KB6LEP7,U080FGLKUH5,U080FGLKUH5,1
2026-01-07,f3crossroads,C017KB6LEP7,U08EEQUUKSN,U041R4GK79V,1
2026-01-07,f3crossroads,C017KB6LEP7,U08EEQUUKSN,U075J9NN91N,1
2026-01-07,f3crossroads,C017KB6LEP7,U08EEQUUKSN,U08EEQUUKSN,1
2026-01-03,f3crossroads,C017KB6LEP7,U08TAFQ4S0M,U057QBF3TPW,1
2026-01-03,f3crossroads,C017KB6LEP7,U08TAFQ4S0M,U08TAFQ4S0M,1
2026-01-12,f3crossroads,C017KB6LEP7,U09LT8ATYUQ,U057QBF3TPW,1
2026-01-12,f3crossroads,C017KB6LEP7,U09LT8ATYUQ,U09LT8ATYUQ,1
2026-01-05,f3crossroads,C017KB6LEP7,U0A0KMVLWEP,U077RQMTNG3,1
2026-01-05,f3crossroads,C017KB6LEP7,U0A0KMVLWEP,U0A0KMVLWEP,1
2026-01-01,f3crossroads,C017KB6LEP7,USLACKBOT,U016890PYHM,1
2026-01-02,f3crossroads,C017KB6LEP7,USLACKBOT,U016890PYHM,1
2026-01-03,f3crossroads,C017KB6LEP7,USLACKBOT,U016890PYHM,1
2026-01-09,f3crossroads,C017KB6LEP7,USLACKBOT,U016890PYHM,1
2026-01-09,f3crossroads,C017KB6LEP7,USLACKBOT,U016P7DMTGT,1
2026-01-05,f3crossroads,C017KB6LEP7,USLACKBOT,U057QBF3TPW,1
2026-01-06,f3crossroads,C017KB6LEP7,USLACKBOT,U057QBF3TPW,1
2026-01-10,f3crossroads,C017KB6LEP7,USLACKBOT,U05ULCL3806,1
2026-01-01,f3crossroads,C017KB6LEP7,USLACKBOT,USLACKBOT,1
2026-01-02,f3crossroads,C017KB6LEP7,USLACKBOT,USLACKBOT,1
2026-01-03,f3crossroads,C017KB6LEP7,USLACKBOT,USLACKBOT,1
2026-01-05,f3crossroads,C017KB6LEP7,USLACKBOT,USLACKBOT,1
2026-01-06,f3crossroads,C017KB6LEP7,USLACKBOT,USLACKBOT,1
2026-01-09,f3crossroads,C017KB6LEP7,USLACKBOT,USLACKBOT,1
2026-01-10,f3crossroads,C017KB6LEP7,USLACKBOT,USLACKBOT,1
2026-01-02,f3crossroads,C02A0HGC4PR,U017QPPJVJ5,U016M1Z8NLE,1
2026-01-02,f3crossroads,C02A0HGC4PR,U017QPPJVJ5,U016ZUU67BN,1
2026-01-02,f3crossroads,C02A0HGC4PR,U017QPPJVJ5,U0171KQRB6D,1
2026-01-02,f3crossroads,C02A0HGC4PR,U017QPPJVJ5,U017BQTUL3D,1
2026-01-02,f3crossroads,C02A0HGC4PR,U017QPPJVJ5,U017QPPJVJ5,1
2026-01-02,f3crossroads,C02A0HGC4PR,U017QPPJVJ5,U02A96W697X,1
2026-01-02,f3crossroads,C02A0HGC4PR,U017QPPJVJ5,U02KN9HUSE6,1
2026-01-02,f3crossroads,C02A0HGC4PR,U017QPPJVJ5,U03765UPB8C,1
2026-01-02,f3crossroads,C02A0HGC4PR,U017QPPJVJ5,U03SX99V3PU,1
2026-01-02,f3crossroads,C02A0HGC4PR,U017QPPJVJ5,U03TX17L7AQ,1
2026-01-02,f3crossroads,C02A0HGC4PR,U017QPPJVJ5,U048GCZ7GBY,1
2026-01-02,f3crossroads,C02A0HGC4PR,U017QPPJVJ5,U051330RY2J,1
2026-01-02,f3crossroads,C02A0HGC4PR,U017QPPJVJ5,U05LL7ESE79,1
2026-01-02,f3crossroads,C02A0HGC4PR,U017QPPJVJ5,U061CBW96MA,1
2026-01-02,f3crossroads,C02A0HGC4PR,U017QPPJVJ5,U098XEDSKJN,1
2026-01-09,f3crossroads,C02A0HGC4PR,U02KN9HUSE6,U016M1Z8NLE,1
2026-01-09,f3crossroads,C02A0HGC4PR,U02KN9HUSE6,U016ZUU67BN,1
2026-01-09,f3crossroads,C02A0HGC4PR,U02KN9HUSE6,U02A96W697X,1
2026-01-09,f3crossroads,C02A0HGC4PR,U02KN9HUSE6,U02KN9HUSE6,1
2026-01-09,f3crossroads,C02A0HGC4PR,U02KN9HUSE6,U03765UPB8C,1
2026-01-09,f3crossroads,C02A0HGC4PR,U02KN9HUSE6,U03SUM8JU2Z,1
2026-01-09,f3crossroads,C02A0HGC4PR,U02KN9HUSE6,U03TX17L7AQ,1
2026-01-09,f3crossroads,C02A0HGC4PR,U02KN9HUSE6,U05ULCL3806,1
2026-01-09,f3crossroads,C02A0HGC4PR,U02KN9HUSE6,U061CBW96MA,1
2026-01-09,f3crossroads,C02A0HGC4PR,U02KN9HUSE6,U098XEDSKJN,1
2026-01-01,f3crossroads,C02A0HGC4PR,U056VUVJ63D,U016M1Z8NLE,1
2026-01-01,f3crossroads,C02A0HGC4PR,U056VUVJ63D,U016ZUU67BN,1
2026-01-01,f3crossroads,C02A0HGC4PR,U056VUVJ63D,U02NST5BMKJ,1
2026-01-01,f3crossroads,C02A0HGC4PR,U056VUVJ63D,U03EPDEKY4U,1
2026-01-01,f3crossroads,C02A0HGC4PR,U056VUVJ63D,U056VUVJ63D,1
2026-01-01,f3crossroads,C02A0HGC4PR,U056VUVJ63D,U05LL7ESE79,1
2026-01-01,f3crossroads,C02A0HGC4PR,U056VUVJ63D,U08TD9DD6M6,1
2026-01-08,f3crossroads,C02A0HGC4PR,U098XEDSKJN,U02NST5BMKJ,1
2026-01-08,f3crossroads,C02A0HGC4PR,U098XEDSKJN,U03FQ2U8UJK,1
2026-01-08,f3crossroads,C02A0HGC4PR,U098XEDSKJN,U03SX99V3PU,1
2026-01-08,f3crossroads,C02A0HGC4PR,U098XEDSKJN,U051330RY2J,1
2026-01-08,f3crossroads,C02A0HGC4PR,U098XEDSKJN,U056VUVJ63D,1
2026-01-08,f3crossroads,C02A0HGC4PR,U098XEDSKJN,U058T072X6G,1
2026-01-08,f3crossroads,C02A0HGC4PR,U098XEDSKJN,U05C8DP6YS0,1
2026-01-08,f3crossroads,C02A0HGC4PR,U098XEDSKJN,U07698FG143,1
2026-01-08,f3crossroads,C02A0HGC4PR,U098XEDSKJN,U07RD0ACG80,1
2026-01-08,f3crossroads,C02A0HGC4PR,U098XEDSKJN,U08TD9DD6M6,1
2026-01-08,f3crossroads,C02A0HGC4PR,U098XEDSKJN,U098XEDSKJN,1
2026-01-05,f3crossroads,C02AC8PS1T7,U019Y7P6XPF,U016890PYHM,1
2026-01-09,f3crossroads,C02AC8PS1T7,U019Y7P6XPF,U017E4NMFQV,1
2026-01-10,f3crossroads,C02AC8PS1T7,U019Y7P6XPF,U017E4NMFQV,1
2026-01-05,f3crossroads,C02AC8PS1T7,U019Y7P6XPF,U017Q6TF0TB,1
2026-01-05,f3crossroads,C02AC8PS1T7,U019Y7P6XPF,U017X9WAQ9Y,1
2026-01-05,f3crossroads,C02AC8PS1T7,U019Y7P6XPF,U019Y7P6XPF,1
2026-01-09,f3crossroads,C02AC8PS1T7,U019Y7P6XPF,U019Y7P6XPF,1
2026-01-10,f3crossroads,C02AC8PS1T7,U019Y7P6XPF,U019Y7P6XPF,1
2026-01-05,f3crossroads,C02AC8PS1T7,U019Y7P6XPF,U01E40PTNFJ,1
2026-01-10,f3crossroads,C02AC8PS1T7,U019Y7P6XPF,U01E40PTNFJ,1
2026-01-05,f3crossroads,C02AC8PS1T7,U019Y7P6XPF,U02A96W697X,1
2026-01-05,f3crossroads,C02AC8PS1T7,U019Y7P6XPF,U02LGCKH24W,1
2026-01-10,f3crossroads,C02AC8PS1T7,U019Y7P6XPF,U03SX99V3PU,1
2026-01-05,f3crossroads,C02AC8PS1T7,U019Y7P6XPF,U04H6HMNPH9,1
2026-01-05,f3crossroads,C02AC8PS1T7,U019Y7P6XPF,U061CBW96MA,1
2026-01-05,f3crossroads,C02AC8PS1T7,U019Y7P6XPF,U07KLPGENJ0,1
2026-01-05,f3crossroads,C02AC8PS1T7,U019Y7P6XPF,U07RD0ACG80,1
2026-01-09,f3crossroads,C02AC8PS1T7,U019Y7P6XPF,U07RD0ACG80,1
2026-01-09,f3crossroads,C02AC8PS1T7,U019Y7P6XPF,U087CHQLZ7B,1
2026-01-10,f3crossroads,C02AC8PS1T7,U019Y7P6XPF,U08QBC4F5C3,1
2026-01-09,f3crossroads,C02AC8PS1T7,U019Y7P6XPF,U08TD9DD6M6,1
2026-01-10,f3crossroads,C02AC8PS1T7,U019Y7P6XPF,U0995LDSXNC,1
2026-01-10,f3crossroads,C02AC8PS1T7,U019Y7P6XPF,U09TZCE75NU,1
2026-01-06,f3crossroads,C02AC8PS1T7,U02NST5BMKJ,U017E4NMFQV,1
2026-01-06,f3crossroads,C02AC8PS1T7,U02NST5BMKJ,U01E40PTNFJ,1
2026-01-06,f3crossroads,C02AC8PS1T7,U02NST5BMKJ,U02NST5BMKJ,1
2026-01-06,f3crossroads,C02AC8PS1T7,U02NST5BMKJ,U03EPDEKY4U,1
2026-01-06,f3crossroads,C02AC8PS1T7,U02NST5BMKJ,U03FQ2U8UJK,1
2026-01-06,f3crossroads,C02AC8PS1T7,U02NST5BMKJ,U03SX99V3PU,1
2026-01-06,f3crossroads,C02AC8PS1T7,U02NST5BMKJ,U03TYSW2933,1
2026-01-06,f3crossroads,C02AC8PS1T7,U02NST5BMKJ,U04RBT6T8RJ,1
2026-01-06,f3crossroads,C02AC8PS1T7,U02NST5BMKJ,U056VUVJ63D,1
2026-01-06,f3crossroads,C02AC8PS1T7,U02NST5BMKJ,U05C8DP6YS0,1
2026-01-06,f3crossroads,C02AC8PS1T7,U02NST5BMKJ,U05FDSP0YD7,1
2026-01-06,f3crossroads,C02AC8PS1T7,U02NST5BMKJ,U05QD3D6ZK7,1
2026-01-06,f3crossroads,C02AC8PS1T7,U02NST5BMKJ,U05TUKL5N87,1
2026-01-06,f3crossroads,C02AC8PS1T7,U02NST5BMKJ,U061CBW96MA,1
2026-01-06,f3crossroads,C02AC8PS1T7,U02NST5BMKJ,U07698FG143,1
2026-01-06,f3crossroads,C02AC8PS1T7,U02NST5BMKJ,U07RD0ACG80,1
2026-01-06,f3crossroads,C02AC8PS1T7,U02NST5BMKJ,U098XEDSKJN,1
2026-01-06,f3crossroads,C02AC8PS1T7,U02NST5BMKJ,U09RGQD77N1,1
2026-01-07,f3crossroads,C02AC8PS1T7,U03SX99V3PU,U019MT194E7,1
2026-01-07,f3crossroads,C02AC8PS1T7,U03SX99V3PU,U01E40PTNFJ,1
2026-01-07,f3crossroads,C02AC8PS1T7,U03SX99V3PU,U03SX99V3PU,1
2026-01-07,f3crossroads,C02AC8PS1T7,U03SX99V3PU,U056VUVJ63D,1
2026-01-07,f3crossroads,C02AC8PS1T7,U03SX99V3PU,U058F8J3PNK,1
2026-01-07,f3crossroads,C02AC8PS1T7,U03SX99V3PU,U05QD3D6ZK7,1
2026-01-07,f3crossroads,C02AC8PS1T7,U03SX99V3PU,U05UDL3EVGR,1
2026-01-07,f3crossroads,C02AC8PS1T7,U03SX99V3PU,U06A1RN2DQF,1
2026-01-07,f3crossroads,C02AC8PS1T7,U03SX99V3PU,U074T16JBDX,1
2026-01-02,f3crossroads,C02AC8PS1T7,U04H3PWJN5A,U02NST5BMKJ,1
2026-01-02,f3crossroads,C02AC8PS1T7,U04H3PWJN5A,U04H3PWJN5A,1
2026-01-02,f3crossroads,C02AC8PS1T7,U04H3PWJN5A,U05ULCL3806,1
2026-01-02,f3crossroads,C02AC8PS1T7,U04H3PWJN5A,U07RD0ACG80,1
2026-01-02,f3crossroads,C02AC8PS1T7,U04H3PWJN5A,U09D5VDKC85,1
2026-01-12,f3crossroads,C02AC8PS1T7,U071GSVM24B,U016890PYHM,1
2026-01-12,f3crossroads,C02AC8PS1T7,U071GSVM24B,U016M1Z8NLE,1
2026-01-12,f3crossroads,C02AC8PS1T7,U071GSVM24B,U016VPSQSFR,1
2026-01-12,f3crossroads,C02AC8PS1T7,U071GSVM24B,U017QPPJVJ5,1
2026-01-12,f3crossroads,C02AC8PS1T7,U071GSVM24B,U017X9WAQ9Y,1
2026-01-12,f3crossroads,C02AC8PS1T7,U071GSVM24B,U02A96W697X,1
2026-01-12,f3crossroads,C02AC8PS1T7,U071GSVM24B,U02LGCKH24W,1
2026-01-12,f3crossroads,C02AC8PS1T7,U071GSVM24B,U048GCZ7GBY,1
2026-01-12,f3crossroads,C02AC8PS1T7,U071GSVM24B,U04H6HMNPH9,1
2026-01-12,f3crossroads,C02AC8PS1T7,U071GSVM24B,U051330RY2J,1
2026-01-12,f3crossroads,C02AC8PS1T7,U071GSVM24B,U05C8DP6YS0,1
2026-01-12,f3crossroads,C02AC8PS1T7,U071GSVM24B,U06H3QB4KMY,1
2026-01-01,f3crossroads,C02AC8PS1T7,U071GSVM24B,U071GSVM24B,1
2026-01-12,f3crossroads,C02AC8PS1T7,U071GSVM24B,U071GSVM24B,1
2026-01-12,f3crossroads,C02AC8PS1T7,U071GSVM24B,U07KLPGENJ0,1
2026-01-12,f3crossroads,C02AC8PS1T7,U071GSVM24B,U07LY4K586M,1
2026-01-01,f3crossroads,C02AC8PS1T7,U071GSVM24B,U07RD0ACG80,1
2026-01-12,f3crossroads,C02AC8PS1T7,U071GSVM24B,U07RD0ACG80,1
2026-01-13,f3crossroads,C02AC8PS1T7,U078VQE2ULB,U017E4NMFQV,1
2026-01-08,f3crossroads,C02AC8PS1T7,U078VQE2ULB,U017QPPJVJ5,1
2026-01-08,f3crossroads,C02AC8PS1T7,U078VQE2ULB,U019MT194E7,1
2026-01-13,f3crossroads,C02AC8PS1T7,U078VQE2ULB,U01B8FLBHKP,1
2026-01-13,f3crossroads,C02AC8PS1T7,U078VQE2ULB,U01E40PTNFJ,1
2026-01-08,f3crossroads,C02AC8PS1T7,U078VQE2ULB,U020A3PMS14,1
2026-01-08,f3crossroads,C02AC8PS1T7,U078VQE2ULB,U02A96W697X,1
2026-01-13,f3crossroads,C02AC8PS1T7,U078VQE2ULB,U02NST5BMKJ,1
2026-01-13,f3crossroads,C02AC8PS1T7,U078VQE2ULB,U03SX99V3PU,1
2026-01-13,f3crossroads,C02AC8PS1T7,U078VQE2ULB,U03TYSW2933,1
2026-01-08,f3crossroads,C02AC8PS1T7,U078VQE2ULB,U04Q01BPTPE,1
2026-01-08,f3crossroads,C02AC8PS1T7,U078VQE2ULB,U05FDSP0YD7,1
2026-01-08,f3crossroads,C02AC8PS1T7,U078VQE2ULB,U05GG5NR7KM,1
2026-01-08,f3crossroads,C02AC8PS1T7,U078VQE2ULB,U05QD3D6ZK7,1
2026-01-13,f3crossroads,C02AC8PS1T7,U078VQE2ULB,U05QJRZNQHH,1
2026-01-13,f3crossroads,C02AC8PS1T7,U078VQE2ULB,U05TUKL5N87,1
2026-01-08,f3crossroads,C02AC8PS1T7,U078VQE2ULB,U05UDL3EVGR,1
2026-01-08,f3crossroads,C02AC8PS1T7,U078VQE2ULB,U061CBW96MA,1
2026-01-08,f3crossroads,C02AC8PS1T7,U078VQE2ULB,U06A1RN2DQF,1
2026-01-08,f3crossroads,C02AC8PS1T7,U078VQE2ULB,U075J9NN91N,1
2026-01-13,f3crossroads,C02AC8PS1T7,U078VQE2ULB,U07698FG143,1
2026-01-08,f3crossroads,C02AC8PS1T7,U078VQE2ULB,U078VQE2ULB,1
2026-01-13,f3crossroads,C02AC8PS1T7,U078VQE2ULB,U078VQE2ULB,1
2026-01-08,f3crossroads,C02AC8PS1T7,U078VQE2ULB,U0792KKSBS8,1
2026-01-13,f3crossroads,C02AC8PS1T7,U078VQE2ULB,U07RD0ACG80,1
2026-01-08,f3crossroads,C02AC8PS1T7,U078VQE2ULB,U092LRKGN2E,1
2026-01-08,f3crossroads,C02AC8PS1T7,U078VQE2ULB,U09RGQD77N1,1
2026-01-13,f3crossroads,C02AC8PS1T7,U078VQE2ULB,U09RGQD77N1,1
2026-01-03,f3crossroads,C02AC8PS1T7,U07RD0ACG80,U02KN9HUSE6,1
2026-01-03,f3crossroads,C02AC8PS1T7,U07RD0ACG80,U04H3PWJN5A,1
2026-01-03,f3crossroads,C02AC8PS1T7,U07RD0ACG80,U05LL7ESE79,1
2026-01-03,f3crossroads,C02AC8PS1T7,U07RD0ACG80,U05ULCL3806,1
2026-01-03,f3crossroads,C02AC8PS1T7,U07RD0ACG80,U06GZE2D66R,1
2026-01-03,f3crossroads,C02AC8PS1T7,U07RD0ACG80,U07RD0ACG80,1
2026-01-03,f3crossroads,C02AC8PS1T7,U07RD0ACG80,U098XEDSKJN,1
2026-01-03,f3crossroads,C02AC8PS1T7,U07RD0ACG80,U0995LDSXNC,1
2026-01-03,f3crossroads,C02B4U0M71N,U016V6KHM36,U016M1Z8NLE,1
2026-01-03,f3crossroads,C02B4U0M71N,U016V6KHM36,U016V6KHM36,1
2026-01-03,f3crossroads,C02B4U0M71N,U016V6KHM36,U016ZUU67BN,1
2026-01-03,f3crossroads,C02B4U0M71N,U016V6KHM36,U0171KQRB6D,1
2026-01-03,f3crossroads,C02B4U0M71N,U016V6KHM36,U02A96W697X,1
2026-01-03,f3crossroads,C02B4U0M71N,U016V6KHM36,U02F2UV0MCL,1
2026-01-03,f3crossroads,C02B4U0M71N,U016V6KHM36,U02KN9HUSE6,1
2026-01-03,f3crossroads,C02B4U0M71N,U016V6KHM36,U03765UPB8C,1
2026-01-03,f3crossroads,C02B4U0M71N,U016V6KHM36,U03SX99V3PU,1
2026-01-03,f3crossroads,C02B4U0M71N,U016V6KHM36,U048GCZ7GBY,1
2026-01-03,f3crossroads,C02B4U0M71N,U016V6KHM36,U04H3PWJN5A,1
2026-01-03,f3crossroads,C02B4U0M71N,U016V6KHM36,U05LL7ESE79,1
2026-01-03,f3crossroads,C02B4U0M71N,U016V6KHM36,U05ULCL3806,1
2026-01-03,f3crossroads,C02B4U0M71N,U016V6KHM36,U06H3QB4KMY,1
2026-01-03,f3crossroads,C02B4U0M71N,U016V6KHM36,U07GJC6UG1Z,1
2026-01-03,f3crossroads,C02B4U0M71N,U016V6KHM36,U09D5VDKC85,1
2026-01-10,f3crossroads,C02B4U0M71N,U016ZUU67BN,U016M1Z8NLE,1
2026-01-10,f3crossroads,C02B4U0M71N,U016ZUU67BN,U016ZUU67BN,1
2026-01-10,f3crossroads,C02B4U0M71N,U016ZUU67BN,U01B8FLBHKP,1
2026-01-10,f3crossroads,C02B4U0M71N,U016ZUU67BN,U01ELRMAL7L,1
2026-01-10,f3crossroads,C02B4U0M71N,U016ZUU67BN,U02A96W697X,1
2026-01-10,f3crossroads,C02B4U0M71N,U016ZUU67BN,U02KN9HUSE6,1
2026-01-10,f3crossroads,C02B4U0M71N,U016ZUU67BN,U03765UPB8C,1
2026-01-10,f3crossroads,C02B4U0M71N,U016ZUU67BN,U03TX17L7AQ,1
2026-01-10,f3crossroads,C02B4U0M71N,U016ZUU67BN,U04RBT6T8RJ,1
2026-01-10,f3crossroads,C02B4U0M71N,U016ZUU67BN,U05LL7ESE79,1
2026-01-10,f3crossroads,C02B4U0M71N,U016ZUU67BN,U06H3QB4KMY,1
2026-01-08,f3crossroads,C02B4U0M71N,U017Q6TF0TB,U016890PYHM,1
2026-01-08,f3crossroads,C02B4U0M71N,U017Q6TF0TB,U016TRPRHKL,1
2026-01-08,f3crossroads,C02B4U0M71N,U017Q6TF0TB,U016ZUU67BN,1
2026-01-08,f3crossroads,C02B4U0M71N,U017Q6TF0TB,U0171KQRB6D,1
2026-01-08,f3crossroads,C02B4U0M71N,U017Q6TF0TB,U017E4NMFQV,1
2026-01-08,f3crossroads,C02B4U0M71N,U017Q6TF0TB,U017HR8U5RS,1
2026-01-08,f3crossroads,C02B4U0M71N,U017Q6TF0TB,U017Q6TF0TB,1
2026-01-08,f3crossroads,C02B4U0M71N,U017Q6TF0TB,U0186PNUG3T,1
2026-01-08,f3crossroads,C02B4U0M71N,U017Q6TF0TB,U01APFBACP8,1
2026-01-08,f3crossroads,C02B4U0M71N,U017Q6TF0TB,U01B8FLBHKP,1
2026-01-08,f3crossroads,C02B4U0M71N,U017Q6TF0TB,U020A7W78FQ,1
2026-01-08,f3crossroads,C02B4U0M71N,U017Q6TF0TB,U02H51CJS30,1
2026-01-08,f3crossroads,C02B4U0M71N,U017Q6TF0TB,U02LGCKH24W,1
2026-01-08,f3crossroads,C02B4U0M71N,U017Q6TF0TB,U03765UPB8C,1
2026-01-08,f3crossroads,C02B4U0M71N,U017Q6TF0TB,U03U8N4P5G8,1
2026-01-08,f3crossroads,C02B4U0M71N,U017Q6TF0TB,U040R8S1N6P,1
2026-01-08,f3crossroads,C02B4U0M71N,U017Q6TF0TB,U04H3PWJN5A,1
2026-01-08,f3crossroads,C02B4U0M71N,U017Q6TF0TB,U04RBT6T8RJ,1
2026-01-08,f3crossroads,C02B4U0M71N,U017Q6TF0TB,U05QJRZNQHH,1
2026-01-08,f3crossroads,C02B4U0M71N,U017Q6TF0TB,U07GJC6UG1Z,1
2026-01-08,f3crossroads,C02B4U0M71N,U017Q6TF0TB,U08QBC4F5C3,1
2026-01-08,f3crossroads,C02B4U0M71N,U017Q6TF0TB,U0995LDSXNC,1
2026-01-06,f3crossroads,C02B4U0M71N,U0186PNUG3T,U016M1Z8NLE,1
2026-01-06,f3crossroads,C02B4U0M71N,U0186PNUG3T,U016MKQUP29,1
2026-01-06,f3crossroads,C02B4U0M71N,U0186PNUG3T,U016P7DMTGT,1
2026-01-06,f3crossroads,C02B4U0M71N,U0186PNUG3T,U016TRPRHKL,1
2026-01-06,f3crossroads,C02B4U0M71N,U0186PNUG3T,U016ZUU67BN,1
2026-01-06,f3crossroads,C02B4U0M71N,U0186PNUG3T,U0171KQRB6D,1
2026-01-06,f3crossroads,C02B4U0M71N,U0186PNUG3T,U017BQTUL3D,1
2026-01-06,f3crossroads,C02B4U0M71N,U0186PNUG3T,U0186PNUG3T,1
2026-01-06,f3crossroads,C02B4U0M71N,U0186PNUG3T,U01B8FLBHKP,1
2026-01-06,f3crossroads,C02B4U0M71N,U0186PNUG3T,U01KXPKDF97,1
2026-01-06,f3crossroads,C02B4U0M71N,U0186PNUG3T,U020A7W78FQ,1
2026-01-06,f3crossroads,C02B4U0M71N,U0186PNUG3T,U03U8N4P5G8,1
2026-01-06,f3crossroads,C02B4U0M71N,U0186PNUG3T,U06A1RN2DQF,1
2026-01-06,f3crossroads,C02B4U0M71N,U0186PNUG3T,U073D5MRD4Z,1
2026-01-06,f3crossroads,C02B4U0M71N,U0186PNUG3T,U08QBC4F5C3,1
2026-01-07,f3crossroads,C02B4U0M71N,U02A96W697X,U016890PYHM,1
2026-01-07,f3crossroads,C02B4U0M71N,U02A96W697X,U016M1Z8NLE,1
2026-01-07,f3crossroads,C02B4U0M71N,U02A96W697X,U016P7DMTGT,1
2026-01-07,f3crossroads,C02B4U0M71N,U02A96W697X,U016ZUU67BN,1
2026-01-07,f3crossroads,C02B4U0M71N,U02A96W697X,U0171KQRB6D,1
2026-01-07,f3crossroads,C02B4U0M71N,U02A96W697X,U017BQTUL3D,1
2026-01-07,f3crossroads,C02B4U0M71N,U02A96W697X,U017G12529J,1
2026-01-07,f3crossroads,C02B4U0M71N,U02A96W697X,U017HR8U5RS,1
2026-01-07,f3crossroads,C02B4U0M71N,U02A96W697X,U017X9WAQ9Y,1
2026-01-07,f3crossroads,C02B4U0M71N,U02A96W697X,U0186PNUG3T,1
2026-01-07,f3crossroads,C02B4U0M71N,U02A96W697X,U020A7W78FQ,1
2026-01-07,f3crossroads,C02B4U0M71N,U02A96W697X,U02A96W697X,1
2026-01-07,f3crossroads,C02B4U0M71N,U02A96W697X,U02LGCKH24W,1
2026-01-07,f3crossroads,C02B4U0M71N,U02A96W697X,U03U8N4P5G8,1
2026-01-07,f3crossroads,C02B4U0M71N,U02A96W697X,U040R8S1N6P,1
2026-01-07,f3crossroads,C02B4U0M71N,U02A96W697X,U04H6HMNPH9,1
2026-01-07,f3crossroads,C02B4U0M71N,U02A96W697X,U071GSVM24B,1
2026-01-07,f3crossroads,C02B4U0M71N,U02A96W697X,U07KLPGENJ0,1
2026-01-07,f3crossroads,C02B4U0M71N,U02A96W697X,U07LY4K586M,1
2026-01-05,f3crossroads,C02B4U0M71N,U02H51CJS30,U016V6KHM36,1
2026-01-05,f3crossroads,C02B4U0M71N,U02H51CJS30,U017HR8U5RS,1
2026-01-05,f3crossroads,C02B4U0M71N,U02H51CJS30,U0186PNUG3T,1
2026-01-05,f3crossroads,C02B4U0M71N,U02H51CJS30,U01ELRMAL7L,1
2026-01-05,f3crossroads,C02B4U0M71N,U02H51CJS30,U02H51CJS30,1
2026-01-05,f3crossroads,C02B4U0M71N,U02H51CJS30,U03U8N4P5G8,1
2026-01-05,f3crossroads,C02B4U0M71N,U02H51CJS30,U05C8DP6YS0,1
2026-01-05,f3crossroads,C02B4U0M71N,U02H51CJS30,U05QJRZNQHH,1
2026-01-05,f3crossroads,C02B4U0M71N,U02H51CJS30,U073D5MRD4Z,1
2026-01-05,f3crossroads,C02B4U0M71N,U02H51CJS30,U08QBC4F5C3,1
2026-01-12,f3crossroads,C02B4U0M71N,U058SP7GRJ6,U017E4NMFQV,1
2026-01-12,f3crossroads,C02B4U0M71N,U058SP7GRJ6,U0186PNUG3T,1
2026-01-12,f3crossroads,C02B4U0M71N,U058SP7GRJ6,U02H51CJS30,1
2026-01-12,f3crossroads,C02B4U0M71N,U058SP7GRJ6,U04RBT6T8RJ,1
2026-01-12,f3crossroads,C02B4U0M71N,U058SP7GRJ6,U058SP7GRJ6,1
2026-01-12,f3crossroads,C02B4U0M71N,U058SP7GRJ6,U05LL7ESE79,1
2026-01-12,f3crossroads,C02B4U0M71N,U058SP7GRJ6,U070NTWF7G8,1
2026-01-12,f3crossroads,C02B4U0M71N,U058SP7GRJ6,U073D5MRD4Z,1
2026-01-12,f3crossroads,C02B4U0M71N,U058SP7GRJ6,U080FGLKUH5,1
2026-01-12,f3crossroads,C02B4U0M71N,U058SP7GRJ6,U08QBC4F5C3,1
2026-01-01,f3crossroads,C02B4U0M71N,U05TUKL5N87,U016ZUU67BN,1
2026-01-01,f3crossroads,C02B4U0M71N,U05TUKL5N87,U02H51CJS30,1
2026-01-01,f3crossroads,C02B4U0M71N,U05TUKL5N87,U05TUKL5N87,1
2026-01-01,f3crossroads,C02B4U0M71N,U05TUKL5N87,U06H3QB4KMY,1
2026-01-02,f3crossroads,C02B4U0M71N,U0995LDSXNC,U040R8S1N6P,1
2026-01-02,f3crossroads,C02B4U0M71N,U0995LDSXNC,U07GJC6UG1Z,1
2026-01-02,f3crossroads,C02B4U0M71N,U0995LDSXNC,U0995LDSXNC,1
2026-01-09,f3crossroads,C02B4U0M71N,U09U2DZRCU9,U016V6KHM36,1
2026-01-09,f3crossroads,C02B4U0M71N,U09U2DZRCU9,U019MT194E7,1
2026-01-09,f3crossroads,C02B4U0M71N,U09U2DZRCU9,U01ELRMAL7L,1
2026-01-09,f3crossroads,C02B4U0M71N,U09U2DZRCU9,U02F2UV0MCL,1
2026-01-09,f3crossroads,C02B4U0M71N,U09U2DZRCU9,U02H51CJS30,1
2026-01-09,f3crossroads,C02B4U0M71N,U09U2DZRCU9,U03EPDEKY4U,1
2026-01-09,f3crossroads,C02B4U0M71N,U09U2DZRCU9,U040R8S1N6P,1
2026-01-09,f3crossroads,C02B4U0M71N,U09U2DZRCU9,U048GCZ7GBY,1
2026-01-09,f3crossroads,C02B4U0M71N,U09U2DZRCU9,U04H6HMNPH9,1
2026-01-09,f3crossroads,C02B4U0M71N,U09U2DZRCU9,U04RBT6T8RJ,1
2026-01-09,f3crossroads,C02B4U0M71N,U09U2DZRCU9,U057QBF3TPW,1
2026-01-09,f3crossroads,C02B4U0M71N,U09U2DZRCU9,U05LL7ESE79,1
2026-01-09,f3crossroads,C02B4U0M71N,U09U2DZRCU9,U05QD3D6ZK7,1
2026-01-09,f3crossroads,C02B4U0M71N,U09U2DZRCU9,U06A1RN2DQF,1
2026-01-09,f3crossroads,C02B4U0M71N,U09U2DZRCU9,U07EJ6173S6,1
2026-01-09,f3crossroads,C02B4U0M71N,U09U2DZRCU9,U080FGLKUH5,1
2026-01-09,f3crossroads,C02B4U0M71N,U09U2DZRCU9,U09U2DZRCU9,1
2026-01-06,f3crossroads,C02DNLUQN9Y,U018098KAAC,U018098KAAC,1
2026-01-06,f3crossroads,C02DNLUQN9Y,U018098KAAC,U02H51CJS30,1
2026-01-06,f3crossroads,C02DNLUQN9Y,U018098KAAC,U02KN9HUSE6,1
2026-01-06,f3crossroads,C02DNLUQN9Y,U018098KAAC,U03765UPB8C,1
2026-01-06,f3crossroads,C02DNLUQN9Y,U018098KAAC,U03TX17L7AQ,1
2026-01-06,f3crossroads,C02DNLUQN9Y,U018098KAAC,U040R8S1N6P,1
2026-01-06,f3crossroads,C02DNLUQN9Y,U018098KAAC,U051330RY2J,1
2026-01-06,f3crossroads,C02DNLUQN9Y,U018098KAAC,U05LL7ESE79,1
2026-01-06,f3crossroads,C02DNLUQN9Y,U018098KAAC,U0654SUAQRL,1
2026-01-06,f3crossroads,C02DNLUQN9Y,U018098KAAC,U0672VB7Q3C,1
2026-01-06,f3crossroads,C02DNLUQN9Y,U018098KAAC,U073J179LHM,1
2026-01-08,f3crossroads,C02DNLUQN9Y,U03TX17L7AQ,U018098KAAC,1
2026-01-08,f3crossroads,C02DNLUQN9Y,U03TX17L7AQ,U03TX17L7AQ,1
2026-01-08,f3crossroads,C02DNLUQN9Y,U03TX17L7AQ,U048GCZ7GBY,1
2026-01-08,f3crossroads,C02DNLUQN9Y,U03TX17L7AQ,U05LL7ESE79,1
2026-01-08,f3crossroads,C02DNLUQN9Y,U03TX17L7AQ,U05ULCL3806,1
2026-01-08,f3crossroads,C02DNLUQN9Y,U03TX17L7AQ,U06K8PKQGA1,1
2026-01-01,f3crossroads,C02DNLUQN9Y,U070NTWF7G8,U018098KAAC,1
2026-01-01,f3crossroads,C02DNLUQN9Y,U070NTWF7G8,U048GCZ7GBY,1
2026-01-01,f3crossroads,C02DNLUQN9Y,U070NTWF7G8,U06K8PKQGA1,1
2026-01-01,f3crossroads,C02DNLUQN9Y,U070NTWF7G8,U070NTWF7G8,1
2026-01-13,f3crossroads,C02DNLUQN9Y,U075J9NN91N,U02H51CJS30,1
2026-01-13,f3crossroads,C02DNLUQN9Y,U075J9NN91N,U03765UPB8C,1
2026-01-13,f3crossroads,C02DNLUQN9Y,U075J9NN91N,U04RBT6T8RJ,1
2026-01-13,f3crossroads,C02DNLUQN9Y,U075J9NN91N,U05LL7ESE79,1
2026-01-13,f3crossroads,C02DNLUQN9Y,U075J9NN91N,U05ULCL3806,1
2026-01-13,f3crossroads,C02DNLUQN9Y,U075J9NN91N,U06A1RN2DQF,1
2026-01-13,f3crossroads,C02DNLUQN9Y,U075J9NN91N,U073J179LHM,1
2026-01-13,f3crossroads,C02DNLUQN9Y,U075J9NN91N,U075J9NN91N,1
2026-01-13,f3crossroads,C02DNLUQN9Y,U075J9NN91N,U07GJC6UG1Z,1
2026-01-13,f3crossroads,C02DNLUQN9Y,U075J9NN91N,U08EEQUUKSN,1
2026-01-13,f3crossroads,C02DNLUQN9Y,U075J9NN91N,U0995LDSXNC,1
2026-01-10,f3crossroads,C0329PXMA6T,U017Q7Q4CSD,U017Q7Q4CSD,1
2026-01-10,f3crossroads,C0329PXMA6T,U017Q7Q4CSD,U03EPDEKY4U,1
2026-01-10,f3crossroads,C0329PXMA6T,U017Q7Q4CSD,U056VUVJ63D,1
2026-01-10,f3crossroads,C0329PXMA6T,U017Q7Q4CSD,U06A1RN2DQF,1
2026-01-10,f3crossroads,C0329PXMA6T,U017Q7Q4CSD,U06GZ8ECZC5,1
2026-01-10,f3crossroads,C0329PXMA6T,U017Q7Q4CSD,U06J46ZTPEZ,1
2026-01-10,f3crossroads,C0329PXMA6T,U017Q7Q4CSD,U06K8PKQGA1,1
2026-01-10,f3crossroads,C0329PXMA6T,U017Q7Q4CSD,U080FGLKUH5,1
2026-01-10,f3crossroads,C0329PXMA6T,U017Q7Q4CSD,U09AH747KEF,1
2026-01-10,f3crossroads,C0329PXMA6T,U017Q7Q4CSD,U09BBJ81140,1
2026-01-03,f3crossroads,C0329PXMA6T,U03KV19V5JS,U020A3PMS14,1
2026-01-03,f3crossroads,C0329PXMA6T,U03KV19V5JS,U03KV19V5JS,1
2026-01-03,f3crossroads,C0329PXMA6T,U03KV19V5JS,U041R4GK79V,1
2026-01-03,f3crossroads,C0329PXMA6T,U03KV19V5JS,U06A1RN2DQF,1
2026-01-03,f3crossroads,C0329PXMA6T,U03KV19V5JS,U06GZ8ECZC5,1
2026-01-03,f3crossroads,C0329PXMA6T,U03KV19V5JS,U06J46ZTPEZ,1
2026-01-03,f3crossroads,C0329PXMA6T,U03KV19V5JS,U06K8PKQGA1,1
2026-01-03,f3crossroads,C0329PXMA6T,U03KV19V5JS,U09AH747KEF,1
2026-01-03,f3crossroads,C0329PXMA6T,U03KV19V5JS,U09EZ6NN6HH,1
2026-01-03,f3crossroads,C0329PXMA6T,U03T43SBJNA,U0194BS66MQ,1
2026-01-03,f3crossroads,C0329PXMA6T,U03T43SBJNA,U020A3PMS14,1
2026-01-03,f3crossroads,C0329PXMA6T,U03T43SBJNA,U03KV19V5JS,1
2026-01-03,f3crossroads,C0329PXMA6T,U03T43SBJNA,U03T43SBJNA,1
2026-01-03,f3crossroads,C0329PXMA6T,U03T43SBJNA,U041R4GK79V,1
2026-01-03,f3crossroads,C0329PXMA6T,U03T43SBJNA,U041T99TNTC,1
2026-01-03,f3crossroads,C0329PXMA6T,U03T43SBJNA,U056VUVJ63D,1
2026-01-03,f3crossroads,C0329PXMA6T,U03T43SBJNA,U06GZ8ECZC5,1
2026-01-03,f3crossroads,C0329PXMA6T,U03T43SBJNA,U06J46ZTPEZ,1
2026-01-03,f3crossroads,C0329PXMA6T,U03T43SBJNA,U06K8PKQGA1,1
2026-01-03,f3crossroads,C0329PXMA6T,U03T43SBJNA,U07UKT9J213,1
2026-01-03,f3crossroads,C0329PXMA6T,U03T43SBJNA,U081JKWAR33,1
2026-01-03,f3crossroads,C0329PXMA6T,U03T43SBJNA,U090GAA7QE6,1
2026-01-03,f3crossroads,C0329PXMA6T,U03T43SBJNA,U09AH747KEF,1
2026-01-03,f3crossroads,C0329PXMA6T,U03T43SBJNA,U09EZ6NN6HH,1
2026-01-09,f3crossroads,C0329PXMA6T,U041T99TNTC,U03KV19V5JS,1
2026-01-09,f3crossroads,C0329PXMA6T,U041T99TNTC,U041T99TNTC,1
2026-01-09,f3crossroads,C0329PXMA6T,U041T99TNTC,U06GZ8ECZC5,1
2026-01-09,f3crossroads,C0329PXMA6T,U041T99TNTC,U06K8PKQGA1,1
2026-01-09,f3crossroads,C0329PXMA6T,U041T99TNTC,U09EZ6NN6HH,1
2026-01-02,f3crossroads,C0329PXMA6T,U06A1RN2DQF,U017Q7Q4CSD,1
2026-01-02,f3crossroads,C0329PXMA6T,U06A1RN2DQF,U03KV19V5JS,1
2026-01-02,f3crossroads,C0329PXMA6T,U06A1RN2DQF,U041T99TNTC,1
2026-01-02,f3crossroads,C0329PXMA6T,U06A1RN2DQF,U06A1RN2DQF,1
2026-01-02,f3crossroads,C0329PXMA6T,U06A1RN2DQF,U06GZ8ECZC5,1
2026-01-02,f3crossroads,C0329PXMA6T,U06A1RN2DQF,U06K8PKQGA1,1
2026-01-02,f3crossroads,C0329PXMA6T,U06A1RN2DQF,U077RQMTNG3,1
2026-01-02,f3crossroads,C0329PXMA6T,U06A1RN2DQF,U09AH747KEF,1
2026-01-02,f3crossroads,C0329PXMA6T,U06A1RN2DQF,U09BBJ81140,1
2026-01-10,f3crossroads,C0329PXMA6T,U090GAA7QE6,U03EPDEKY4U,1
2026-01-10,f3crossroads,C0329PXMA6T,U090GAA7QE6,U041R4GK79V,1
2026-01-10,f3crossroads,C0329PXMA6T,U090GAA7QE6,U041T99TNTC,1
2026-01-10,f3crossroads,C0329PXMA6T,U090GAA7QE6,U041T9ACB3L,1
2026-01-10,f3crossroads,C0329PXMA6T,U090GAA7QE6,U06A1RN2DQF,1
2026-01-10,f3crossroads,C0329PXMA6T,U090GAA7QE6,U06GZ8ECZC5,1
2026-01-10,f3crossroads,C0329PXMA6T,U090GAA7QE6,U06J46ZTPEZ,1
2026-01-10,f3crossroads,C0329PXMA6T,U090GAA7QE6,U06K8PKQGA1,1
2026-01-10,f3crossroads,C0329PXMA6T,U090GAA7QE6,U080FGLKUH5,1
2026-01-10,f3crossroads,C0329PXMA6T,U090GAA7QE6,U081JKWAR33,1
2026-01-10,f3crossroads,C0329PXMA6T,U090GAA7QE6,U081S4SDQEB,1
2026-01-10,f3crossroads,C0329PXMA6T,U090GAA7QE6,U090GAA7QE6,1
2026-01-10,f3crossroads,C0329PXMA6T,U090GAA7QE6,U09AH747KEF,1
2026-01-10,f3crossroads,C0329PXMA6T,U090GAA7QE6,U09BBJ81140,1
2026-01-08,f3crossroads,C03KZ95AS75,U02H51CJS30,U02H51CJS30,1
2026-01-08,f3crossroads,C03KZ95AS75,U02H51CJS30,U02LGCKH24W,1
2026-01-08,f3crossroads,C03KZ95AS75,U02H51CJS30,U04Q01BPTPE,1
2026-01-08,f3crossroads,C03KZ95AS75,U02H51CJS30,U051330RY2J,1
2026-01-08,f3crossroads,C03KZ95AS75,U02H51CJS30,U098XEDSKJN,1
2026-01-07,f3crossroads,C03KZ95AS75,U0536BG9AMU,U02A96W697X,1
2026-01-07,f3crossroads,C03KZ95AS75,U0536BG9AMU,U03SX99V3PU,1
2026-01-07,f3crossroads,C03KZ95AS75,U0536BG9AMU,U051330RY2J,1
2026-01-07,f3crossroads,C03KZ95AS75,U0536BG9AMU,U0536BG9AMU,1
2026-01-07,f3crossroads,C03KZ95AS75,U0536BG9AMU,U05LL7ESE79,1
2026-01-07,f3crossroads,C03KZ95AS75,U0536BG9AMU,U05TUKL5N87,1
2026-01-07,f3crossroads,C03KZ95AS75,U0536BG9AMU,U070NTWF7G8,1
2026-01-07,f3crossroads,C03KZ95AS75,U0536BG9AMU,U075J9NN91N,1
2026-01-06,f3crossroads,C03KZ95AS75,U06A1RN2DQF,U04RQB0TXFS,1
2026-01-06,f3crossroads,C03KZ95AS75,U06A1RN2DQF,U06A1RN2DQF,1
2026-01-06,f3crossroads,C03KZ95AS75,U06A1RN2DQF,U06GZ8ECZC5,1
2026-01-06,f3crossroads,C03KZ95AS75,U06A1RN2DQF,U06H3QB4KMY,1
2026-01-05,f3crossroads,C04P7LRFBTM,U016M1Z8NLE,U016M1Z8NLE,1
2026-01-05,f3crossroads,C04P7LRFBTM,U016M1Z8NLE,U016TRPRHKL,1
2026-01-05,f3crossroads,C04P7LRFBTM,U016M1Z8NLE,U016ZUU67BN,1
2026-01-05,f3crossroads,C04P7LRFBTM,U016M1Z8NLE,U0171KQRB6D,1
2026-01-05,f3crossroads,C04P7LRFBTM,U016M1Z8NLE,U018098KAAC,1
2026-01-05,f3crossroads,C04P7LRFBTM,U016M1Z8NLE,U020A7W78FQ,1
2026-01-05,f3crossroads,C04P7LRFBTM,U016M1Z8NLE,U03765UPB8C,1
2026-01-05,f3crossroads,C04P7LRFBTM,U016M1Z8NLE,U03SX99V3PU,1
2026-01-05,f3crossroads,C04P7LRFBTM,U016M1Z8NLE,U03TX17L7AQ,1
2026-01-05,f3crossroads,C04P7LRFBTM,U016M1Z8NLE,U03TYSW2933,1
2026-01-05,f3crossroads,C04P7LRFBTM,U016M1Z8NLE,U05LL7ESE79,1
2026-01-05,f3crossroads,C04P7LRFBTM,U016M1Z8NLE,U05TUKL5N87,1
2026-01-05,f3crossroads,C04P7LRFBTM,U016M1Z8NLE,U070NTWF7G8,1
2026-01-05,f3crossroads,C04P7LRFBTM,U016M1Z8NLE,U087CHQLZ7B,1
2026-01-05,f3crossroads,C04P7LRFBTM,U016M1Z8NLE,U09U2DZRCU9,1
2026-01-12,f3crossroads,C04P7LRFBTM,U03765UPB8C,U016ZUU67BN,1
2026-01-12,f3crossroads,C04P7LRFBTM,U03765UPB8C,U0171KQRB6D,1
2026-01-12,f3crossroads,C04P7LRFBTM,U03765UPB8C,U017HR8U5RS,1
2026-01-12,f3crossroads,C04P7LRFBTM,U03765UPB8C,U018098KAAC,1
2026-01-12,f3crossroads,C04P7LRFBTM,U03765UPB8C,U03765UPB8C,1
2026-01-12,f3crossroads,C04P7LRFBTM,U03765UPB8C,U03TX17L7AQ,1
2026-01-12,f3crossroads,C04P7LRFBTM,U03765UPB8C,U05ULCL3806,1
2026-01-12,f3crossroads,C04P7LRFBTM,U03765UPB8C,U073J179LHM,1
2026-01-12,f3crossroads,C04P7LRFBTM,U03765UPB8C,U087CHQLZ7B,1
2026-01-07,f3crossroads,C04P7LRFBTM,U05QJRZNQHH,U017E4NMFQV,1
2026-01-07,f3crossroads,C04P7LRFBTM,U05QJRZNQHH,U019Y7P6XPF,1
2026-01-07,f3crossroads,C04P7LRFBTM,U05QJRZNQHH,U02H51CJS30,1
2026-01-07,f3crossroads,C04P7LRFBTM,U05QJRZNQHH,U02NST5BMKJ,1
2026-01-07,f3crossroads,C04P7LRFBTM,U05QJRZNQHH,U05FDSP0YD7,1
2026-01-07,f3crossroads,C04P7LRFBTM,U05QJRZNQHH,U05QJRZNQHH,1
2026-01-07,f3crossroads,C04P7LRFBTM,U05QJRZNQHH,U070NTWF7G8,1
2026-01-07,f3crossroads,C04P7LRFBTM,U05QJRZNQHH,U087CHQLZ7B,1
2026-01-07,f3crossroads,C04P7LRFBTM,U05QJRZNQHH,U08QBC4F5C3,1
2026-01-07,f3crossroads,C04P7LRFBTM,U05QJRZNQHH,U08TD9DD6M6,1
2026-01-02,f3crossroads,C04PLDCTSJV,U019Y7P6XPF,U018098KAAC,1
2026-01-02,f3crossroads,C04PLDCTSJV,U019Y7P6XPF,U019Y7P6XPF,1
2026-01-02,f3crossroads,C04PLDCTSJV,U019Y7P6XPF,U02H51CJS30,1
2026-01-02,f3crossroads,C04PLDCTSJV,U019Y7P6XPF,U02NBKHN3NK,1
2026-01-02,f3crossroads,C04PLDCTSJV,U019Y7P6XPF,U05C8DP6YS0,1
2026-01-02,f3crossroads,C04PLDCTSJV,U019Y7P6XPF,U05QD3D6ZK7,1
2026-01-02,f3crossroads,C04PLDCTSJV,U019Y7P6XPF,U070NTWF7G8,1
2026-01-02,f3crossroads,C04PLDCTSJV,U019Y7P6XPF,U087CHQLZ7B,1
2026-01-02,f3crossroads,C04PLDCTSJV,U019Y7P6XPF,U08QBC4F5C3,1
2026-01-02,f3crossroads,C04PLDCTSJV,U019Y7P6XPF,U09U2DZRCU9,1
2026-01-05,f3crossroads,C04PLDCTSJV,U03EPDEKY4U,U02NST5BMKJ,1
2026-01-05,f3crossroads,C04PLDCTSJV,U03EPDEKY4U,U03EPDEKY4U,1
2026-01-05,f3crossroads,C04PLDCTSJV,U03EPDEKY4U,U040R8S1N6P,1
2026-01-05,f3crossroads,C04PLDCTSJV,U03EPDEKY4U,U053LEBRMM4,1
2026-01-05,f3crossroads,C04PLDCTSJV,U03EPDEKY4U,U056VUVJ63D,1
2026-01-05,f3crossroads,C04PLDCTSJV,U03EPDEKY4U,U06A1RN2DQF,1
2026-01-05,f3crossroads,C04PLDCTSJV,U03EPDEKY4U,U075J9NN91N,1
2026-01-05,f3crossroads,C04PLDCTSJV,U03EPDEKY4U,U098XEDSKJN,1
2026-01-12,f3crossroads,C04PLDCTSJV,U06A1RN2DQF,U017BQTUL3D,1
2026-01-12,f3crossroads,C04PLDCTSJV,U06A1RN2DQF,U01E40PTNFJ,1
2026-01-12,f3crossroads,C04PLDCTSJV,U06A1RN2DQF,U020A3PMS14,1
2026-01-12,f3crossroads,C04PLDCTSJV,U06A1RN2DQF,U02NBKHN3NK,1
2026-01-12,f3crossroads,C04PLDCTSJV,U06A1RN2DQF,U02NST5BMKJ,1
2026-01-12,f3crossroads,C04PLDCTSJV,U06A1RN2DQF,U040R8S1N6P,1
2026-01-12,f3crossroads,C04PLDCTSJV,U06A1RN2DQF,U04H3PWJN5A,1
2026-01-12,f3crossroads,C04PLDCTSJV,U06A1RN2DQF,U053LEBRMM4,1
2026-01-12,f3crossroads,C04PLDCTSJV,U06A1RN2DQF,U056VUVJ63D,1
2026-01-12,f3crossroads,C04PLDCTSJV,U06A1RN2DQF,U05QD3D6ZK7,1
2026-01-12,f3crossroads,C04PLDCTSJV,U06A1RN2DQF,U06A1RN2DQF,1
2026-01-12,f3crossroads,C04PLDCTSJV,U06A1RN2DQF,U075J9NN91N,1
2026-01-12,f3crossroads,C04PLDCTSJV,U06A1RN2DQF,U07GJC6UG1Z,1
2026-01-09,f3crossroads,C04PLDCTSJV,U071GSVM24B,U018098KAAC,1
2026-01-09,f3crossroads,C04PLDCTSJV,U071GSVM24B,U02NBKHN3NK,1
2026-01-09,f3crossroads,C04PLDCTSJV,U071GSVM24B,U071GSVM24B,1
2026-01-07,f3crossroads,C059PJF5NTU,U05LL7ESE79,U017G126ESY,1
2026-01-07,f3crossroads,C059PJF5NTU,U05LL7ESE79,U01APFBACP8,1
2026-01-07,f3crossroads,C059PJF5NTU,U05LL7ESE79,U03765UPB8C,1
2026-01-07,f3crossroads,C059PJF5NTU,U05LL7ESE79,U05LL7ESE79,1
2026-01-07,f3crossroads,C059PJF5NTU,U05LL7ESE79,U075J9NN91N,1
2026-01-03,f3crossroads,C05H4DHU3HC,U016V6KHM36,U016M1Z8NLE,1
2026-01-03,f3crossroads,C05H4DHU3HC,U016V6KHM36,U016V6KHM36,1
2026-01-09,f3crossroads,C05H4DHU3HC,U016V6KHM36,U016V6KHM36,1
2026-01-03,f3crossroads,C05H4DHU3HC,U016V6KHM36,U0171KQRB6D,1
2026-01-09,f3crossroads,C05H4DHU3HC,U016V6KHM36,U019MT194E7,1
2026-01-09,f3crossroads,C05H4DHU3HC,U016V6KHM36,U01ELRMAL7L,1
2026-01-03,f3crossroads,C05H4DHU3HC,U016V6KHM36,U020A7W78FQ,1
2026-01-03,f3crossroads,C05H4DHU3HC,U016V6KHM36,U02F2UV0MCL,1
2026-01-09,f3crossroads,C05H4DHU3HC,U016V6KHM36,U02F2UV0MCL,1
2026-01-09,f3crossroads,C05H4DHU3HC,U016V6KHM36,U02H51CJS30,1
2026-01-03,f3crossroads,C05H4DHU3HC,U016V6KHM36,U02KN9HUSE6,1
2026-01-03,f3crossroads,C05H4DHU3HC,U016V6KHM36,U03765UPB8C,1
2026-01-09,f3crossroads,C05H4DHU3HC,U016V6KHM36,U03EPDEKY4U,1
2026-01-03,f3crossroads,C05H4DHU3HC,U016V6KHM36,U03SX99V3PU,1
2026-01-09,f3crossroads,C05H4DHU3HC,U016V6KHM36,U040R8S1N6P,1
2026-01-03,f3crossroads,C05H4DHU3HC,U016V6KHM36,U048GCZ7GBY,1
2026-01-09,f3crossroads,C05H4DHU3HC,U016V6KHM36,U04RBT6T8RJ,1
2026-01-09,f3crossroads,C05H4DHU3HC,U016V6KHM36,U057QBF3TPW,1
2026-01-03,f3crossroads,C05H4DHU3HC,U016V6KHM36,U05LL7ESE79,1
2026-01-09,f3crossroads,C05H4DHU3HC,U016V6KHM36,U05LL7ESE79,1
2026-01-09,f3crossroads,C05H4DHU3HC,U016V6KHM36,U05QD3D6ZK7,1
2026-01-03,f3crossroads,C05H4DHU3HC,U016V6KHM36,U05ULCL3806,1
2026-01-09,f3crossroads,C05H4DHU3HC,U016V6KHM36,U06A1RN2DQF,1
2026-01-03,f3crossroads,C05H4DHU3HC,U016V6KHM36,U06H3QB4KMY,1
2026-01-03,f3crossroads,C05H4DHU3HC,U016V6KHM36,U07GJC6UG1Z,1
2026-01-09,f3crossroads,C05H4DHU3HC,U016V6KHM36,U080FGLKUH5,1
2026-01-09,f3crossroads,C05H4DHU3HC,U016V6KHM36,U09U2DZRCU9,1
2026-01-10,f3crossroads,C05H4DHU3HC,U017E4NMFQV,U017E4NMFQV,1
2026-01-10,f3crossroads,C05H4DHU3HC,U017E4NMFQV,U019Y7P6XPF,1
2026-01-10,f3crossroads,C05H4DHU3HC,U017E4NMFQV,U01E40PTNFJ,1
2026-01-10,f3crossroads,C05H4DHU3HC,U017E4NMFQV,U03SX99V3PU,1
2026-01-10,f3crossroads,C05H4DHU3HC,U017E4NMFQV,U0995LDSXNC,1
2026-01-10,f3crossroads,C05H4DHU3HC,U017E4NMFQV,U09TZCE75NU,1
2026-01-13,f3crossroads,C05H4DHU3HC,U020A3PMS14,U019MT194E7,1
2026-01-12,f3crossroads,C05H4DHU3HC,U020A3PMS14,U01E40PTNFJ,1
2026-01-12,f3crossroads,C05H4DHU3HC,U020A3PMS14,U020A3PMS14,1
2026-01-13,f3crossroads,C05H4DHU3HC,U020A3PMS14,U020A3PMS14,1
2026-01-12,f3crossroads,C05H4DHU3HC,U020A3PMS14,U02NBKHN3NK,1
2026-01-12,f3crossroads,C05H4DHU3HC,U020A3PMS14,U02NST5BMKJ,1
2026-01-13,f3crossroads,C05H4DHU3HC,U020A3PMS14,U03TX17L7AQ,1
2026-01-12,f3crossroads,C05H4DHU3HC,U020A3PMS14,U040R8S1N6P,1
2026-01-13,f3crossroads,C05H4DHU3HC,U020A3PMS14,U041T99TNTC,1
2026-01-13,f3crossroads,C05H4DHU3HC,U020A3PMS14,U051330RY2J,1
2026-01-12,f3crossroads,C05H4DHU3HC,U020A3PMS14,U053LEBRMM4,1
2026-01-12,f3crossroads,C05H4DHU3HC,U020A3PMS14,U06A1RN2DQF,1
2026-01-12,f3crossroads,C05H4DHU3HC,U020A3PMS14,U075J9NN91N,1
2026-01-13,f3crossroads,C05H4DHU3HC,U020A3PMS14,U087CHQLZ7B,1
2026-01-13,f3crossroads,C05H4DHU3HC,U06A1RN2DQF,U05LL7ESE79,1
2026-01-13,f3crossroads,C05H4DHU3HC,U06A1RN2DQF,U06A1RN2DQF,1
2026-01-13,f3crossroads,C05H4DHU3HC,U06A1RN2DQF,U075J9NN91N,1
2026-01-13,f3crossroads,C05H4DHU3HC,U06A1RN2DQF,U08EEQUUKSN,1
2026-01-07,f3crossroads,C05H4DHU3HC,U087CHQLZ7B,U017E4NMFQV,1
2026-01-07,f3crossroads,C05H4DHU3HC,U087CHQLZ7B,U019Y7P6XPF,1
2026-01-07,f3crossroads,C05H4DHU3HC,U087CHQLZ7B,U02H51CJS30,1
2026-01-07,f3crossroads,C05H4DHU3HC,U087CHQLZ7B,U05FDSP0YD7,1
2026-01-07,f3crossroads,C05H4DHU3HC,U087CHQLZ7B,U087CHQLZ7B,1
2026-01-07,f3crossroads,C05H4DHU3HC,U087CHQLZ7B,U08TD9DD6M6,1
2026-01-07,f3crossroads,C06FH4FCF5Y,U020A3PMS14,U017Q7Q4CSD,1
2026-01-07,f3crossroads,C06FH4FCF5Y,U020A3PMS14,U0194BS66MQ,1
2026-01-07,f3crossroads,C06FH4FCF5Y,U020A3PMS14,U020A3PMS14,1
2026-01-07,f3crossroads,C06FH4FCF5Y,U020A3PMS14,U041T99TNTC,1
2026-01-07,f3crossroads,C06FH4FCF5Y,U020A3PMS14,U051330RY2J,1
2026-01-07,f3crossroads,C06FH4FCF5Y,U020A3PMS14,U05ULCL3806,1
2026-01-07,f3crossroads,C06FH4FCF5Y,U020A3PMS14,U06GZ8ECZC5,1
2026-01-07,f3crossroads,C06FH4FCF5Y,U020A3PMS14,U077RQMTNG3,1
2026-01-07,f3crossroads,C06FH4FCF5Y,U020A3PMS14,U09RGQD77N1,1
2026-01-06,f3crossroads,C06SUFPUNTZ,U03SX99V3PU,U019MT194E7,1
2026-01-06,f3crossroads,C06SUFPUNTZ,U03SX99V3PU,U020A3PMS14,1
2026-01-06,f3crossroads,C06SUFPUNTZ,U03SX99V3PU,U03SX99V3PU,1
2026-01-06,f3crossroads,C06SUFPUNTZ,U03SX99V3PU,U04RQB0TXFS,1
2026-01-06,f3crossroads,C06SUFPUNTZ,U03SX99V3PU,U06A1RN2DQF,1
2026-01-06,f3crossroads,C06SUFPUNTZ,U03SX99V3PU,U06GZ8ECZC5,1
2026-01-06,f3crossroads,C06SUFPUNTZ,U03SX99V3PU,U06GZE2D66R,1
2026-01-06,f3crossroads,C06SUFPUNTZ,U03SX99V3PU,U06H3QB4KMY,1
2026-01-06,f3crossroads,C06SUFPUNTZ,U03SX99V3PU,U07T5DL3VHA,1
2026-01-06,f3crossroads,C06SUFPUNTZ,U03SX99V3PU,U09D5VDKC85,1
2026-01-08,f3crossroads,C06SUFPUNTZ,U06GZE2D66R,U03SX99V3PU,1
2026-01-08,f3crossroads,C06SUFPUNTZ,U06GZE2D66R,U04RQB0TXFS,1
2026-01-08,f3crossroads,C06SUFPUNTZ,U06GZE2D66R,U06GZ8ECZC5,1
2026-01-08,f3crossroads,C06SUFPUNTZ,U06GZE2D66R,U06GZE2D66R,1
2026-01-08,f3crossroads,C06SUFPUNTZ,U06GZE2D66R,U06H3QB4KMY,1
2026-01-01,f3crossroads,C06SUFPUNTZ,U06K8PKQGA1,U05ULCL3806,1
2026-01-01,f3crossroads,C06SUFPUNTZ,U06K8PKQGA1,U065EML70E5,1
2026-01-01,f3crossroads,C06SUFPUNTZ,U06K8PKQGA1,U06GZ8ECZC5,1
2026-01-01,f3crossroads,C06SUFPUNTZ,U06K8PKQGA1,U06GZE2D66R,1
2026-01-01,f3crossroads,C06SUFPUNTZ,U06K8PKQGA1,U06K8PKQGA1,1
2026-01-06,f3crossroads,C08TMRRJYV7,U0995LDSXNC,U05GG5NR7KM,1
2026-01-06,f3crossroads,C08TMRRJYV7,U0995LDSXNC,U05ULCL3806,1
2026-01-06,f3crossroads,C08TMRRJYV7,U0995LDSXNC,U072HDGJSBG,1
2026-01-06,f3crossroads,C08TMRRJYV7,U0995LDSXNC,U085PLQU2F4,1
2026-01-06,f3crossroads,C08TMRRJYV7,U0995LDSXNC,U0995LDSXNC,1
2026-01-06,f3crossroads,C08TMRRJYV7,U0995LDSXNC,U09EZ6NN6HH,1
2026-01-01,f3crossroads,C0A5TV3KTPH,U016V6KHM36,U016V6KHM36,1
2026-01-02,f3crossroads,C0A5TV3KTPH,U016V6KHM36,U016V6KHM36,1
2026-01-03,f3crossroads,C0A5TV3KTPH,U016V6KHM36,U016V6KHM36,1
2026-01-05,f3crossroads,C0A5TV3KTPH,U016V6KHM36,U016V6KHM36,1
2026-01-06,f3crossroads,C0A5TV3KTPH,U016V6KHM36,U016V6KHM36,1
2026-01-08,f3crossroads,C0A5TV3KTPH,U016V6KHM36,U016V6KHM36,1
2026-01-10,f3crossroads,C0A5TV3KTPH,U016V6KHM36,U016V6KHM36,1
2026-01-13,f3crossroads,C0A5TV3KTPH,U016V6KHM36,U016V6KHM36,1
2026-01-05,f3crossroads,C0A5TV3KTPH,U0171K8109F,U0171K8109F,1
2026-01-05,f3crossroads,C0A5TV3KTPH,U0171K8109F,U02A96W697X,1
2026-01-01,f3crossroads,C0A5TV3KTPH,U018098KAAC,U018098KAAC,1
2026-01-02,f3crossroads,C0A5TV3KTPH,U018098KAAC,U018098KAAC,1
2026-01-06,f3crossroads,C0A5TV3KTPH,U018098KAAC,U018098KAAC,1
2026-01-07,f3crossroads,C0A5TV3KTPH,U018098KAAC,U018098KAAC,1
2026-01-09,f3crossroads,C0A5TV3KTPH,U018098KAAC,U018098KAAC,1
2026-01-12,f3crossroads,C0A5TV3KTPH,U018098KAAC,U018098KAAC,1
2026-01-13,f3crossroads,C0A5TV3KTPH,U018098KAAC,U018098KAAC,1
2026-01-12,f3crossroads,C0A5TV3KTPH,U018098KAAC,U03TX17L7AQ,1
2026-01-01,f3crossroads,C0A5TV3KTPH,U018098KAAC,U06K8PKQGA1,1
2026-01-03,f3crossroads,C0A5TV3KTPH,U02A96W697X,U02A96W697X,1
2026-01-05,f3crossroads,C0A5TV3KTPH,U02A96W697X,U02A96W697X,1
2026-01-07,f3crossroads,C0A5TV3KTPH,U02A96W697X,U02A96W697X,1
2026-01-08,f3crossroads,C0A5TV3KTPH,U02A96W697X,U02A96W697X,1
2026-01-12,f3crossroads,C0A5TV3KTPH,U02A96W697X,U02A96W697X,1
2026-01-12,f3crossroads,C0A5TV3KTPH,U02A96W697X,U051330RY2J,1
2026-01-02,f3crossroads,C0A5TV3KTPH,U02H51CJS30,U02H51CJS30,1
2026-01-04,f3crossroads,C0A5TV3KTPH,U02H51CJS30,U02H51CJS30,1
2026-01-05,f3crossroads,C0A5TV3KTPH,U02H51CJS30,U02H51CJS30,1
2026-01-07,f3crossroads,C0A5TV3KTPH,U02H51CJS30,U02H51CJS30,1
2026-01-08,f3crossroads,C0A5TV3KTPH,U02H51CJS30,U02H51CJS30,1
2026-01-09,f3crossroads,C0A5TV3KTPH,U02H51CJS30,U02H51CJS30,1
2026-01-12,f3crossroads,C0A5TV3KTPH,U02H51CJS30,U02H51CJS30,1
2026-01-13,f3crossroads,C0A5TV3KTPH,U02H51CJS30,U02H51CJS30,1
2026-01-08,f3crossroads,C0A5TV3KTPH,U02H51CJS30,U03765UPB8C,1
2026-01-02,f3crossroads,C0A5TV3KTPH,U03765UPB8C,U03765UPB8C,1
2026-01-03,f3crossroads,C0A5TV3KTPH,U03765UPB8C,U03765UPB8C,1
2026-01-04,f3crossroads,C0A5TV3KTPH,U03765UPB8C,U03765UPB8C,1
2026-01-05,f3crossroads,C0A5TV3KTPH,U03765UPB8C,U03765UPB8C,1
2026-01-06,f3crossroads,C0A5TV3KTPH,U03765UPB8C,U03765UPB8C,1
2026-01-07,f3crossroads,C0A5TV3KTPH,U03765UPB8C,U03765UPB8C,1
2026-01-09,f3crossroads,C0A5TV3KTPH,U03765UPB8C,U03765UPB8C,1
2026-01-12,f3crossroads,C0A5TV3KTPH,U03765UPB8C,U03765UPB8C,1
2026-01-05,f3crossroads,C0A5TV3KTPH,U03TX17L7AQ,U018098KAAC,1
2026-01-05,f3crossroads,C0A5TV3KTPH,U03TX17L7AQ,U03TX17L7AQ,1
2026-01-13,f3crossroads,C0A5TV3KTPH,U03TX17L7AQ,U03TX17L7AQ,1
2026-01-05,f3crossroads,C0A5TV3KTPH,U03TX17L7AQ,U070NTWF7G8,1
2026-01-01,f3crossroads,C0A5TV3KTPH,U041ATZKYR3,U018098KAAC,1
2026-01-01,f3crossroads,C0A5TV3KTPH,U041ATZKYR3,U041ATZKYR3,1
2026-01-02,f3crossroads,C0A5TV3KTPH,U051330RY2J,U03TX17L7AQ,1
2026-01-02,f3crossroads,C0A5TV3KTPH,U051330RY2J,U048GCZ7GBY,1
2026-01-02,f3crossroads,C0A5TV3KTPH,U051330RY2J,U051330RY2J,1
2026-01-05,f3crossroads,C0A5TV3KTPH,U051330RY2J,U051330RY2J,1
2026-01-08,f3crossroads,C0A5TV3KTPH,U051330RY2J,U051330RY2J,1
2026-01-10,f3crossroads,C0A5TV3KTPH,U051330RY2J,U051330RY2J,1
2026-01-12,f3crossroads,C0A5TV3KTPH,U057QBF3TPW,U057QBF3TPW,1
2026-01-09,f3crossroads,C0A5TV3KTPH,U05ULCL3806,U02A96W697X,1
2026-01-02,f3crossroads,C0A5TV3KTPH,U05ULCL3806,U05ULCL3806,1
2026-01-03,f3crossroads,C0A5TV3KTPH,U05ULCL3806,U05ULCL3806,1
2026-01-04,f3crossroads,C0A5TV3KTPH,U05ULCL3806,U05ULCL3806,1
2026-01-05,f3crossroads,C0A5TV3KTPH,U05ULCL3806,U05ULCL3806,1
2026-01-09,f3crossroads,C0A5TV3KTPH,U05ULCL3806,U05ULCL3806,1
2026-01-12,f3crossroads,C0A5TV3KTPH,U05ULCL3806,U05ULCL3806,1
2026-01-08,f3crossroads,C0A5TV3KTPH,U06K8PKQGA1,U018098KAAC,1
2026-01-08,f3crossroads,C0A5TV3KTPH,U06K8PKQGA1,U03TX17L7AQ,1
2026-01-05,f3crossroads,C0A5TV3KTPH,U06K8PKQGA1,U06K8PKQGA1,1
2026-01-06,f3crossroads,C0A5TV3KTPH,U06K8PKQGA1,U06K8PKQGA1,1
2026-01-07,f3crossroads,C0A5TV3KTPH,U06K8PKQGA1,U06K8PKQGA1,1
2026-01-08,f3crossroads,C0A5TV3KTPH,U06K8PKQGA1,U06K8PKQGA1,1
2026-01-04,f3crossroads,C0A5TV3KTPH,U071GSVM24B,U071GSVM24B,1
2026-01-05,f3crossroads,C0A5TV3KTPH,U071GSVM24B,U071GSVM24B,1
2026-01-06,f3crossroads,C0A5TV3KTPH,U071GSVM24B,U071GSVM24B,1
2026-01-07,f3crossroads,C0A5TV3KTPH,U071GSVM24B,U071GSVM24B,1
2026-01-09,f3crossroads,C0A5TV3KTPH,U071GSVM24B,U071GSVM24B,1
2026-01-12,f3crossroads,C0A5TV3KTPH,U071GSVM24B,U071GSVM24B,1
2026-01-03,f3crossroads,C0A5TV3KTPH,U0995LDSXNC,U0995LDSXNC,1
2026-01-04,f3crossroads,C0A5TV3KTPH,U0995LDSXNC,U0995LDSXNC,1
2026-01-02,f3crossroads,C0A5TV3KTPH,U09U2DZRCU9,U09U2DZRCU9,1
2026-01-04,f3crossroads,C0A5TV3KTPH,USLACKBOT,U057QBF3TPW,1
2026-01-05,f3crossroads,C0A5TV3KTPH,USLACKBOT,U057QBF3TPW,1
2026-01-06,f3crossroads,C0A5TV3KTPH,USLACKBOT,U057QBF3TPW,1
2026-01-07,f3crossroads,C0A5TV3KTPH,USLACKBOT,U057QBF3TPW,1
2026-01-08,f3crossroads,C0A5TV3KTPH,USLACKBOT,U057QBF3TPW,1
2026-01-09,f3crossroads,C0A5TV3KTPH,USLACKBOT,U057QBF3TPW,1
2026-01-10,f3crossroads,C0A5TV3KTPH,USLACKBOT,U057QBF3TPW,1
2026-01-11,f3crossroads,C0A5TV3KTPH,USLACKBOT,U057QBF3TPW,1
2026-01-01,f3crossroads,C0A5TV3KTPH,USLACKBOT,U05ULCL3806,1
2026-01-01,f3crossroads,C0A5TV3KTPH,USLACKBOT,USLACKBOT,1
2026-01-04,f3crossroads,C0A5TV3KTPH,USLACKBOT,USLACKBOT,1
2026-01-05,f3crossroads,C0A5TV3KTPH,USLACKBOT,USLACKBOT,1
2026-01-06,f3crossroads,C0A5TV3KTPH,USLACKBOT,USLACKBOT,1
2026-01-07,f3crossroads,C0A5TV3KTPH,USLACKBOT,USLACKBOT,1
2026-01-08,f3crossroads,C0A5TV3KTPH,USLACKBOT,USLACKBOT,1
2026-01-09,f3crossroads,C0A5TV3KTPH,USLACKBOT,USLACKBOT,1
2026-01-10,f3crossroads,C0A5TV3KTPH,USLACKBOT,USLACKBOT,1
2026-01-11,f3crossroads,C0A5TV3KTPH,USLACKBOT,USLACKBOT,1