warrior,Posts,Miles,Qs,F2nd,Qs_3rdF,Donations,Black_Diamonds,Snowman,F3P_AO_count,F3P_AOs
Broomstick,14,3.47,0,0,0,0,4,0,4,"['black-diamond', 'the-olympiad', 'the-ridge', 'the-colosseum']"
Chum Bucket,24,44.92,2,2,1,0,3,0,9,"['the-olympiad', 'the-ridge', 'the-silo', 'black-diamond', 'dmz', 'the-grove', 'el-coyote', 'the-colosseum', 'black-rock']"
Dauber,20,49.04,4,1,5,0,2,0,5,"['the-olympiad', 'the-ridge', 'the-colosseum', 'black-diamond', 'the-grove']"
Deja vu,30,39.47,9,3,2,1,1,1,6,"['the-ridge', 'black-diamond', 'black-rock', 'the-colosseum', 'the-olympiad', 'ravens-nest']"
Depends (3rdF Q),20,47.09,2,1,9,0,1,0,7,"['the-olympiad', 'black-diamond', 'ravens-nest', 'the-colosseum', 'black-rock', 'the-silo', 'da-grizz']"
Dilly Dilly,18,27.8,1,0,0,0,1,0,3,"['the-ridge', 'the-colosseum', 'black-diamond']"
Duck Hunt,24,56.17,1,1,0,0,4,0,6,"['black-diamond', 'el-coyote', 'da-grizz', 'ravens-nest', 'da-grizz-ebc', 'black-rock']"
Foghorn,15,7.43,3,0,4,0,3,0,6,"['black-diamond', 'the-grove', 'the-silo', 'the-ridge', 'the-colosseum', 'the-olympiad']"
Foreclosure,27,55.83,5,3,0,0,8,1,8,"['the-olympiad', 'black-diamond', 'the-silo', 'the-ridge', 'black-rock', 'the-colosseum', 'the-grove', 'ravens-nest']"
Hodl,17,1.55,4,2,3,0,2,0,6,"['the-ridge', 'da-grizz', 'the-silo', 'the-colosseum', 'black-diamond', 'dmz']"
Mr. Kotter,31,89.84,4,4,5,2,7,1,11,"['el-coyote', 'the-colosseum', 'the-ridge', 'black-rock', 'ravens-nest', 'black-diamond', 'the-olympiad', 'the-silo', 'the-grove', 'da-grizz-ebc', 'da-grizz']"
Party in a bottle,13,3.0,3,2,0,0,1,0,5,"['the-ridge', 'the-colosseum', 'black-rock', 'black-diamond', 'the-silo']"
Pull-up,24,75.85,7,0,4,0,5,0,8,"['the-ridge', 'the-grove', 'black-diamond', 'the-silo', 'dmz', 'the-colosseum', 'the-olympiad', 'da-grizz-ebc']"
Slackbot,13,13.36,13,0,0,1,0,2,0,[]
Soft Hands,21,13.73,2,2,0,0,1,0,5,"['the-olympiad', 'the-colosseum', 'the-ridge', 'black-diamond', 'black-rock']"
Sparkler,25,78.6,3,0,0,1,8,0,7,"['black-diamond', 'the-grove', 'the-silo', 'black-rock', 'the-ridge', 'the-colosseum', 'ravens-nest']"
Spit Valve,18,28.990000000000002,10,1,0,0,2,1,6,"['the-colosseum', 'the-ridge', 'the-grove', 'el-coyote', 'the-olympiad', 'black-diamond']"
Stitch,5,2.7,1,0,0,0,0,0,3,"['the-grove', 'the-silo', 'the-ridge']"