date,warrior,ao,type,notes
2026-01-01,Pull-up,the-ridge,Post,the-ridge - Zimmer’s Plan C - Ruck Club
2026-01-01,Spit Valve,downrange,Q,downrange - New Years Ruck- EEBC at the Wood
2026-01-01,Spit Valve,downrange,Post,downrange - New Years Ruck- EEBC at the Wood
2026-01-01,Deja vu,downrange,Post,downrange - Downrange
2026-01-01,Slackbot,downrange,Q,downrange - FNG New Year BC at BP
2026-01-01,Slackbot,downrange,Post,downrange - FNG New Year BC at BP
2026-01-01,Spit Valve,the-colosseum,Q,the-colosseum - Spity V’s New Year Intervals
2026-01-01,Spit Valve,the-colosseum,Post,the-colosseum - Spity V’s New Year Intervals
2026-01-01,Sparkler,winter_warrior_2026,Donation,Donation - Mobile Blood Donation (12/30)
2026-01-01,Mr. Kotter,winter_warrior_2026,Snowman,Snowman
2026-01-01,Sparkler,black-diamond,Post,black-diamond - Foghorn Brings In 2026
2026-01-01,Duck Hunt,black-diamond,Post,black-diamond - Foghorn Brings In 2026
2026-01-01,Foghorn,black-diamond,Q,black-diamond - Foghorn Brings In 2026
2026-01-01,Foghorn,black-diamond,Post,black-diamond - Foghorn Brings In 2026
2026-01-01,Duck Hunt,winter_warrior_2026,EC,1.75
2026-01-01,Mr. Kotter,el-coyote,Post,el-coyote - Ducks Medicine Ball Ruck
2026-01-01,Duck Hunt,el-coyote,Q,el-coyote - Ducks Medicine Ball Ruck
2026-01-01,Duck Hunt,el-coyote,Post,el-coyote - Ducks Medicine Ball Ruck
2026-01-01,Dilly Dilly,winter_warrior_2026,EC,2.0
2026-01-01,Broomstick,black-diamond,Post,black-diamond - Foghorn Brings In 2026
2026-01-01,Slackbot,winter_warrior_2026,Snowman,Snowman
2026-01-01,Sparkler,winter_warrior_2026,EC,1.75
2026-01-02,Depends (3rdF Q),winter_warrior_2026,EC,3.47
2026-01-02,Slackbot,downrange,Post,downrange - DR F3 Indy South
2026-01-02,Deja vu,downrange,Post,downrange - Downrange
2026-01-02,Mr. Kotter,the-colosseum,Post,the-colosseum - 21 x 7 w/ Juanita
2026-01-02,Depends (3rdF Q),the-olympiad,Post,the-olympiad - Running into the New Year
2026-01-02,Broomstick,the-olympiad,Post,the-olympiad - Running into the New Year
2026-01-02,Foreclosure,the-olympiad,Post,the-olympiad - Running into the New Year
2026-01-02,Mr. Kotter,winter_warrior_2026,EC,2.77
2026-01-02,Chum Bucket,the-olympiad,Post,the-olympiad - Running into the New Year
2026-01-02,Spit Valve,downrange,Post,downrange - Black Panther Run Club
2026-01-02,Soft Hands,the-olympiad,Post,the-olympiad - Running into the New Year
2026-01-02,Dauber,the-olympiad,Post,the-olympiad - Running into the New Year
2026-01-02,Hodl,downrange,Q,downrange - First time downrange Ft Myers Fl run club
2026-01-02,Hodl,downrange,Post,downrange - First time downrange Ft Myers Fl run club
2026-01-02,Stitch,winter_warrior_2026,EC,2.7
2026-01-02,Spit Valve,downrange,Q,downrange - Black Panther Run Club
2026-01-02,Sparkler,winter_warrior_2026,EC,5.7
2026-01-02,Slackbot,downrange,Q,downrange - DR F3 Indy South
2026-01-02,Chum Bucket,winter_warrior_2026,EC,1.0
2026-01-02,Foreclosure,winter_warrior_2026,EC,3.47
2026-01-02,Party in a bottle,the-ridge,Q,the-ridge - It's a party ( in a bottle)
2026-01-02,Broomstick,winter_warrior_2026,EC,3.47
2026-01-02,Pull-up,winter_warrior_2026,EC,4.25
2026-01-02,Sparkler,the-grove,Post,the-grove - Foundation's Present Bootcamp at TG
2026-01-02,Party in a bottle,the-ridge,Post,the-ridge - It's a party ( in a bottle)
2026-01-02,Dilly Dilly,winter_warrior_2026,EC,1.0
2026-01-02,Duck Hunt,da-grizz,Post,da-grizz - 11x2xHank Hill
2026-01-02,Pull-up,the-grove,Post,the-grove - Foundation's Present Bootcamp at TG
2026-01-02,Stitch,the-grove,Post,the-grove - Foundation's Present Bootcamp at TG
2026-01-02,Foghorn,the-grove,Post,the-grove - Foundation's Present Bootcamp at TG
2026-01-03,Foreclosure,2nd-f,2ndF,Holiday Party - FiA/F3
2026-01-03,Dilly Dilly,winter_warrior_2026,EC,4.2
2026-01-03,Slackbot,downrange,Post,downrange - F3 Indy BC at Sesame Street
2026-01-03,Slackbot,downrange,Q,downrange - F3 Indy BC at Sesame Street
2026-01-03,Party in a bottle,winter_warrior_2026,EC,1.5
2026-01-03,Dauber,winter_warrior_2026,EC,2.97
2026-01-03,Duck Hunt,da-grizz,Post,da-grizz - Homer's Cliffhanger Ruck
2026-01-03,Duck Hunt,da-grizz,Post,da-grizz - Gotta have more cowbell
2026-01-03,Soft Hands,the-colosseum,Post,the-colosseum - Nemo’s ladder!
2026-01-03,Mr. Kotter,the-colosseum,Post,the-colosseum - Nemo’s ladder!
2026-01-03,Party in a bottle,the-colosseum,Post,the-colosseum - Nemo’s ladder!
2026-01-03,Dilly Dilly,the-ridge,Q,the-ridge - Playground Pain Tour at The Ridge ??‍♂️?
2026-01-03,Dilly Dilly,the-ridge,Post,the-ridge - Playground Pain Tour at The Ridge ??‍♂️?
2026-01-03,Dauber,the-ridge,Post,the-ridge - Playground Pain Tour at The Ridge ??‍♂️?
2026-01-03,Soft Hands,the-ridge,Post,the-ridge - Playground Pain Tour at The Ridge ??‍♂️?
2026-01-03,Broomstick,the-ridge,Post,the-ridge - Playground Pain Tour at The Ridge ??‍♂️?
2026-01-03,Mr. Kotter,the-ridge,Post,the-ridge - Playground Pain Tour at The Ridge ??‍♂️?
2026-01-03,Mr. Kotter,winter_warrior_2026,Donation,Donation
2026-01-03,Chum Bucket,winter_warrior_2026,EC,2.0
2026-01-03,Chum Bucket,the-ridge,Post,the-ridge - Playground Pain Tour at The Ridge ??‍♂️?
2026-01-03,Party in a bottle,2nd-f,2ndF,Holiday Party - FiA/F3
2026-01-03,Soft Hands,2nd-f,2ndF,Holiday Party - FiA/F3
2026-01-03,Deja vu,downrange,Post,downrange - Downrange
2026-01-03,Foreclosure,black-diamond,Post,downrange - Black Diamond Lift Club The Wood
2026-01-03,Deja vu,downrange,Post,downrange - Downrange
2026-01-03,Foreclosure,downrange,Post,downrange - Ruck club the wood
2026-01-03,Chum Bucket,2nd-f,2ndF,Holiday Party - FiA/F3
2026-01-04,Slackbot,winter_warrior_2026,EC,1.08
2026-01-04,Party in a bottle,winter_warrior_2026,EC,1.5
2026-01-04,Deja vu,2nd-f,2ndF,Slippery ruck
2026-01-04,Pull-up,winter_warrior_2026,EC,3.15
2026-01-04,Mr. Kotter,winter_warrior_2026,EC,6.2
2026-01-04,Spit Valve,winter_warrior_2026,Snowman,Snowman
2026-01-04,Deja vu,winter_warrior_2026,EC,1.08
2026-01-04,Chum Bucket,winter_warrior_2026,EC,3.27
2026-01-04,Mr. Kotter,2nd-f,2ndF,Slippery ruck
2026-01-05,Dauber,the-colosseum,Post,the-colosseum - Foundation Fun Run
2026-01-05,Foreclosure,winter_warrior_2026,EC,4.4
2026-01-05,Duck Hunt,winter_warrior_2026,EC,4.57
2026-01-05,Sparkler,winter_warrior_2026,EC,4.4
2026-01-05,Dilly Dilly,winter_warrior_2026,EC,2.0
2026-01-05,Duck Hunt,downrange,Post,downrange - Battle rocket VQ at dark water
2026-01-05,Chum Bucket,the-silo,Post,the-silo - And this one time at Band Camp…
2026-01-05,Slackbot,winter_warrior_2026,EC,1.02
2026-01-05,Spit Valve,downrange,Post,downrange - You call it’s with Finch
2026-01-05,Foghorn,the-silo,Post,the-silo - And this one time at Band Camp…
2026-01-05,Foreclosure,the-silo,Post,the-silo - And this one time at Band Camp…
2026-01-05,Sparkler,the-silo,Post,the-silo - And this one time at Band Camp…
2026-01-05,Dilly Dilly,the-ridge,Post,the-ridge - Back to it with Pull up
2026-01-05,Mr. Kotter,winter_warrior_2026,EC,5.9
2026-01-05,Pull-up,the-ridge,Q,the-ridge - Back to it with Pull up
2026-01-05,Pull-up,the-ridge,Post,the-ridge - Back to it with Pull up
2026-01-05,Foghorn,winter_warrior_2026,EC,4.4
2026-01-05,Pull-up,winter_warrior_2026,EC,2.69
2026-01-05,Stitch,the-silo,Post,the-silo - And this one time at Band Camp…
2026-01-05,Spit Valve,winter_warrior_2026,EC,1.5
2026-01-05,Depends (3rdF Q),winter_warrior_2026,EC,2.25
2026-01-05,Dauber,winter_warrior_2026,EC,2.93
2026-01-05,Chum Bucket,winter_warrior_2026,EC,1.0
2026-01-05,Slackbot,downrange,Q,downrange - Bootcamp at The Wood
2026-01-05,Dauber,winter_warrior_2026,"Error, fix the title of your backblast",Please delete
2026-01-05,Deja vu,downrange,Post,downrange - Bootcamp at The Wood
2026-01-05,Slackbot,downrange,Post,downrange - Bootcamp at The Wood
2026-01-05,Deja vu,winter_warrior_2026,EC,1.02
2026-01-06,Soft Hands,black-diamond,Post,black-diamond - Hard shit sparkler
2026-01-06,Chum Bucket,black-diamond,Post,black-diamond - Hard shit sparkler
2026-01-06,Deja vu,winter_warrior_2026,EC,1.21
2026-01-06,Duck Hunt,winter_warrior_2026,EC,3.13
2026-01-06,Chum Bucket,winter_warrior_2026,EC,1.5
2026-01-06,Party in a bottle,black-rock,Q,black-rock - Party in A Bottle Ruck & Coupon Dora
2026-01-06,Party in a bottle,black-rock,Post,black-rock - Party in A Bottle Ruck & Coupon Dora
2026-01-06,Dilly Dilly,winter_warrior_2026,EC,5.0
2026-01-06,Mr. Kotter,black-rock,Post,black-rock - Party in A Bottle Ruck & Coupon Dora
2026-01-06,Slackbot,downrange,Q,downrange - Leg Day at 3 Rivers
2026-01-06,Deja vu,downrange,Post,downrange - Leg Day at 3 Rivers
2026-01-06,Slackbot,winter_warrior_2026,EC,1.21
2026-01-06,Depends (3rdF Q),black-diamond,Post,black-diamond - Hard shit sparkler
2026-01-06,Foreclosure,black-diamond,Post,black-diamond - Hard shit sparkler
2026-01-06,Slackbot,downrange,Post,downrange - Leg Day at 3 Rivers
2026-01-06,Spit Valve,downrange,Q,downrange - Run Club at the Wood
2026-01-06,Sparkler,winter_warrior_2026,EC,2.0
2026-01-06,Duck Hunt,downrange,Post,downrange - The Patriot (f3 Southsid3)
2026-01-06,Spit Valve,downrange,Post,downrange - Run Club at the Wood
2026-01-06,Pull-up,black-diamond,Post,black-diamond - Hard shit sparkler
2026-01-06,Spit Valve,winter_warrior_2026,EC,3.0
2026-01-06,Sparkler,black-diamond,Q,black-diamond - Hard shit sparkler
2026-01-06,Sparkler,black-diamond,Post,black-diamond - Hard shit sparkler
2026-01-07,Spit Valve,the-ridge,Post,the-ridge - Dauber's out and back
2026-01-07,Slackbot,winter_warrior_2026,EC,1.11
2026-01-07,Chum Bucket,winter_warrior_2026,EC,2.0
2026-01-07,Foghorn,3rd-f-qsource,QS/3rdF,M Source Week#1
2026-01-07,Deja vu,downrange,Post,downrange - Rooney’s hill pain
2026-01-07,Sparkler,winter_warrior_2026,EC,2.0
2026-01-07,Foghorn,the-silo,Post,the-silo - 1000DORA by CornerKick
2026-01-07,Dauber,3rd-f-qsource,QS/3rdF,M Source Week#1
2026-01-07,Depends (3rdF Q),3rd-f-qsource,QS/3rdF,M Source Week#1
2026-01-07,Chum Bucket,dmz,Post,dmz - Curriers Field goal
2026-01-07,Mr. Kotter,ravens-nest,Post,ravens-nest - Ringo: Ravens nest – Tabata style
2026-01-07,Duck Hunt,black-diamond,Post,downrange - Ricola's Black Diamond at 3R
2026-01-07,Foreclosure,black-diamond,Post,downrange - Ricola's Black Diamond at 3R
2026-01-07,Spit Valve,winter_warrior_2026,EC,1.6
2026-01-07,Deja vu,winter_warrior_2026,EC,1.11
2026-01-07,Dauber,the-ridge,Q,the-ridge - Dauber's out and back
2026-01-07,Dauber,winter_warrior_2026,EC,3.01
2026-01-07,Pull-up,winter_warrior_2026,EC,3.0
2026-01-07,Pull-up,the-silo,Post,the-silo - 1000DORA by CornerKick
2026-01-07,Sparkler,black-diamond,Post,downrange - Ricola's Black Diamond at 3R
2026-01-07,Duck Hunt,winter_warrior_2026,EC,3.2
2026-01-07,Depends (3rdF Q),ravens-nest,Post,ravens-nest - Ringo: Ravens nest – Tabata style
2026-01-07,Soft Hands,downrange,Post,downrange - Rooney’s hill pain
2026-01-07,Dauber,the-ridge,Post,the-ridge - Dauber's out and back
2026-01-08,Pull-up,the-ridge,Post,the-ridge - Throwback Thursday 1994 at The Ridge with Gopher ?...
2026-01-08,Deja vu,downrange,Q,downrange - Bootcamp at The Campus. My Q
2026-01-08,Deja vu,downrange,Post,downrange - Bootcamp at The Campus. My Q
2026-01-08,Slackbot,winter_warrior_2026,EC,0.75
2026-01-08,Chum Bucket,the-ridge,Post,the-ridge - Throwback Thursday 1994 at The Ridge with Gopher ?...
2026-01-08,Party in a bottle,the-ridge,Post,the-ridge - Throwback Thursday 1994 at The Ridge with Gopher ?...
2026-01-08,Pull-up,3rd-f-qsource,QS/3rdF,Disruption
2026-01-08,Foreclosure,winter_warrior_2026,EC,3.0
2026-01-08,Dauber,winter_warrior_2026,EC,1.56
2026-01-08,Depends (3rdF Q),winter_warrior_2026,EC,2.1
2026-01-08,Pull-up,winter_warrior_2026,EC,1.96
2026-01-08,Depends (3rdF Q),the-olympiad,Post,the-olympiad - Liberty Biberty’s Bootcamp
2026-01-08,Chum Bucket,winter_warrior_2026,EC,1.96
2026-01-08,Pull-up,3rd-f-qsource,Q,3rd-f-qsource - Disruption
2026-01-08,Deja vu,winter_warrior_2026,EC,0.75
2026-01-08,Sparkler,winter_warrior_2026,EC,3.0
2026-01-08,Duck Hunt,winter_warrior_2026,EC,3.0
2026-01-08,Duck Hunt,black-diamond,Post,black-diamond - Running With Bricks
2026-01-08,Dilly Dilly,winter_warrior_2026,EC,5.0
2026-01-08,Broomstick,black-diamond,Post,black-diamond - Running With Bricks
2026-01-08,Depends (3rdF Q),3rd-f-qsource,QS/3rdF,Disruption
2026-01-08,Foreclosure,black-diamond,Post,black-diamond - Running With Bricks
2026-01-08,Foreclosure,black-diamond,Q,black-diamond - Running With Bricks
2026-01-08,Dauber,the-colosseum,Post,the-colosseum - Wing Stop Is Close To Home
2026-01-08,Mr. Kotter,black-diamond,Post,black-diamond - Running With Bricks
2026-01-08,Sparkler,black-diamond,Post,black-diamond - Running With Bricks
2026-01-09,Stitch,the-ridge,Q,the-ridge - Stitch VQ !
2026-01-09,Dauber,winter_warrior_2026,EC,3.24
2026-01-09,Slackbot,winter_warrior_2026,EC,1.11
2026-01-09,Pull-up,winter_warrior_2026,EC,2.97
2026-01-09,Stitch,the-ridge,Post,the-ridge - Stitch VQ !
2026-01-09,Pull-up,the-ridge,Post,the-ridge - Stitch VQ !
2026-01-09,Broomstick,the-ridge,Post,the-ridge - Stitch VQ !
2026-01-09,Duck Hunt,da-grizz,Post,da-grizz - EMOM
2026-01-09,Deja vu,the-ridge,Post,the-ridge - Stitch VQ !
2026-01-09,Dilly Dilly,the-ridge,Post,the-ridge - Stitch VQ !
2026-01-09,Hodl,the-ridge,Post,the-ridge - Stitch VQ !
2026-01-09,Slackbot,downrange,Q,downrange - DR run club at BP
2026-01-09,Sparkler,the-grove,Post,the-grove - Grove Friday Pearls on a Spit Valve
2026-01-09,Mr. Kotter,the-olympiad,Post,the-olympiad - Soft Hands Runathon
2026-01-09,Soft Hands,the-olympiad,Post,the-olympiad - Soft Hands Runathon
2026-01-09,Spit Valve,winter_warrior_2026,EC,2.6
2026-01-09,Soft Hands,the-olympiad,Q,the-olympiad - Soft Hands Runathon
2026-01-09,Dauber,the-olympiad,Post,the-olympiad - Soft Hands Runathon
2026-01-09,Foreclosure,the-olympiad,Post,the-olympiad - Soft Hands Runathon
2026-01-09,Chum Bucket,the-olympiad,Post,the-olympiad - Soft Hands Runathon
2026-01-09,Deja vu,winter_warrior_2026,EC,1.11
2026-01-09,Sparkler,winter_warrior_2026,EC,3.4
2026-01-09,Chum Bucket,winter_warrior_2026,EC,1.0
2026-01-09,Slackbot,downrange,Post,downrange - DR run club at BP
2026-01-09,Spit Valve,the-grove,Post,the-grove - Grove Friday Pearls on a Spit Valve
2026-01-09,Mr. Kotter,winter_warrior_2026,EC,3.24
2026-01-09,Spit Valve,the-grove,Q,the-grove - Grove Friday Pearls on a Spit Valve
2026-01-10,Chum Bucket,2nd-f,2ndF,F3 Plainfield Annual Holiday Gala
2026-01-10,Soft Hands,2nd-f,2ndF,F3 Plainfield Annual Holiday Gala
2026-01-10,Duck Hunt,da-grizz,Post,da-grizz - I like big bells and I cannot lie
2026-01-10,Duck Hunt,2nd-f,2ndF,F3 Plainfield Annual Holiday Gala
2026-01-10,Hodl,da-grizz,Post,da-grizz - I like big bells and I cannot lie
2026-01-10,Spit Valve,2nd-f,2ndF,F3 Plainfield Annual Holiday Gala
2026-01-10,Hodl,2nd-f,2ndF,F3 Plainfield Annual Holiday Gala
2026-01-10,Party in a bottle,2nd-f,2ndF,F3 Plainfield Annual Holiday Gala
2026-01-10,Mr. Kotter,2nd-f,2ndF,F3 Plainfield Annual Holiday Gala
2026-01-10,Foreclosure,2nd-f,2ndF,F3 Plainfield Annual Holiday Gala
2026-01-10,Deja vu,downrange,Post,downrange - Ruck Club at The Wood
2026-01-10,Depends (3rdF Q),winter_warrior_2026,EC,3.02
2026-01-10,Chum Bucket,the-ridge,Post,the-ridge - 5 Putts Ultimate Football Q!
2026-01-10,Soft Hands,the-ridge,Post,the-ridge - 5 Putts Ultimate Football Q!
2026-01-10,Dauber,the-ridge,Post,the-ridge - 5 Putts Ultimate Football Q!
2026-01-10,Dauber,2nd-f,2ndF,F3 Plainfield Annual Holiday Gala
2026-01-10,Mr. Kotter,downrange,Post,downrange - Two Wolves with Spirit Fingers on Q
2026-01-10,Dilly Dilly,winter_warrior_2026,EC,5.0
2026-01-10,Foreclosure,the-ridge,Post,the-ridge - 5 Putts Ultimate Football Q!
2026-01-10,Party in a bottle,the-colosseum,Post,the-colosseum - Foundation’s Tabata of suck it up!
2026-01-10,Slackbot,winter_warrior_2026,EC,1.04
2026-01-10,Slackbot,downrange,Post,downrange - F3 Naperville Convergence at Knox Knolls
2026-01-10,Slackbot,downrange,Q,downrange - F3 Naperville Convergence at Knox Knolls
2026-01-10,Depends (3rdF Q),2nd-f,2ndF,F3 Plainfield Annual Holiday Gala
2026-01-10,Deja vu,winter_warrior_2026,EC,1.04
2026-01-10,Mr. Kotter,downrange,Post,downrange - F3 Naperville Convergence at Knox Knolls
2026-01-10,Deja vu,2nd-f,2ndF,Downrange 2nd F: Poker Party and Bears-Packers Gam...
2026-01-10,Duck Hunt,da-grizz,Post,"da-grizz - ""Lacing"" thru the Hills of Lockport"
2026-01-10,Hodl,da-grizz,Post,"da-grizz - ""Lacing"" thru the Hills of Lockport"
2026-01-10,Deja vu,black-diamond,Post,downrange - Black Diamond Lift Club at The Wood
2026-01-11,Deja vu,winter_warrior_2026,EC,3.46
2026-01-11,Mr. Kotter,2nd-f,2ndF,Wildlife ruck
2026-01-11,Slackbot,winter_warrior_2026,EC,3.46
2026-01-11,Deja vu,2nd-f,2ndF,Wildlife ruck
2026-01-12,Mr. Kotter,winter_warrior_2026,EC,5.25
2026-01-12,Sparkler,the-silo,Post,the-silo - Cardinals VQ
2026-01-12,Chum Bucket,the-silo,Q,the-silo - Cardinals VQ
2026-01-12,Chum Bucket,the-silo,Post,the-silo - Cardinals VQ
2026-01-12,Foreclosure,the-silo,Post,the-silo - Cardinals VQ
2026-01-12,Dauber,winter_warrior_2026,EC,3.06
2026-01-12,Foreclosure,winter_warrior_2026,EC,4.09
2026-01-12,Chum Bucket,winter_warrior_2026,EC,3.0
2026-01-12,Sparkler,winter_warrior_2026,EC,4.09
2026-01-12,Deja vu,winter_warrior_2026,EC,1.51
2026-01-12,Deja vu,downrange,Post,downrange - Pearls on a String at The Wood
2026-01-12,Spit Valve,winter_warrior_2026,EC,2.86
2026-01-12,Broomstick,the-colosseum,Post,the-colosseum - Interval Run
2026-01-12,Mr. Kotter,the-silo,Post,the-silo - Cardinals VQ
2026-01-12,Dauber,the-colosseum,Post,the-colosseum - Interval Run
2026-01-12,Pull-up,winter_warrior_2026,EC,3.01
2026-01-12,Depends (3rdF Q),winter_warrior_2026,EC,3.06
2026-01-12,Pull-up,the-ridge,Post,the-ridge - Hatchet getting back out ITG ?
2026-01-12,Depends (3rdF Q),the-colosseum,Post,the-colosseum - Interval Run
2026-01-12,Hodl,the-ridge,Post,the-ridge - Hatchet getting back out ITG ?
2026-01-12,Foghorn,the-ridge,Post,the-ridge - Hatchet getting back out ITG ?
2026-01-12,Spit Valve,the-colosseum,Post,the-colosseum - Interval Run
2026-01-12,Spit Valve,the-colosseum,Q,the-colosseum - Interval Run
2026-01-13,Dilly Dilly,the-ridge,Post,the-ridge - DJ sump pumps 11’s on the hill
2026-01-13,Broomstick,the-ridge,Post,the-ridge - DJ sump pumps 11’s on the hill
2026-01-13,Party in a bottle,black-diamond,Post,black-diamond - Poptart lift club
2026-01-13,Mr. Kotter,black-diamond,Post,black-diamond - Poptart lift club
2026-01-13,Sparkler,winter_warrior_2026,EC,3.24
2026-01-13,Chum Bucket,black-diamond,Post,black-diamond - Poptart lift club
2026-01-13,Pull-up,black-diamond,Post,black-diamond - Poptart lift club
2026-01-13,Sparkler,downrange,Post,downrange - Run club at the ?
2026-01-13,Foreclosure,black-rock,Post,black-rock - Ruck and Ruffle with some PT
2026-01-13,Pull-up,winter_warrior_2026,EC,2.5
2026-01-13,Foreclosure,winter_warrior_2026,EC,2.0
2026-01-13,Dilly Dilly,winter_warrior_2026,EC,1.8
2026-01-13,Soft Hands,downrange,Q,downrange - Run club at the ?
2026-01-13,Depends (3rdF Q),black-rock,Post,black-rock - Ruck and Ruffle with some PT
2026-01-13,Spit Valve,el-coyote,Post,el-coyote - The evening ruck with Spitty V
2026-01-13,Spit Valve,el-coyote,Q,el-coyote - The evening ruck with Spitty V
2026-01-13,Mr. Kotter,winter_warrior_2026,EC,4.0
2026-01-13,Soft Hands,downrange,Post,downrange - Run club at the ?
2026-01-13,Deja vu,winter_warrior_2026,EC,1.32
2026-01-13,Deja vu,black-rock,Post,black-rock - Ruck and Ruffle with some PT
2026-01-14,Mr. Kotter,3rd-f-qsource,QS/3rdF,M Source Week#2
2026-01-14,Hodl,3rd-f-qsource,QS/3rdF,M Source Week#2
2026-01-14,Foghorn,the-silo,Post,the-silo - AMRAP à la Hodl
2026-01-14,Pull-up,winter_warrior_2026,EC,3.0
2026-01-14,Pull-up,dmz,Post,dmz - Corners Hockey
2026-01-14,Sparkler,winter_warrior_2026,EC,3.15
2026-01-14,Dauber,3rd-f-qsource,QS/3rdF,M Source Week#2
2026-01-14,Foghorn,3rd-f-qsource,QS/3rdF,M Source Week#2
2026-01-14,Hodl,the-silo,Post,the-silo - AMRAP à la Hodl
2026-01-14,Depends (3rdF Q),3rd-f-qsource,QS/3rdF,M Source Week#2
2026-01-14,Dauber,winter_warrior_2026,EC,3.01
2026-01-14,Hodl,the-silo,Q,the-silo - AMRAP à la Hodl
2026-01-14,Broomstick,the-ridge,Post,the-ridge - Dog park loop
2026-01-14,Deja vu,downrange,Post,downrange - Millville Pearls on a string at The Wood
2026-01-14,Mr. Kotter,the-ridge,Q,the-ridge - Dog park loop
2026-01-14,Dauber,the-ridge,Post,the-ridge - Dog park loop
2026-01-14,Dilly Dilly,the-ridge,Post,the-ridge - Dog park loop
2026-01-14,Mr. Kotter,winter_warrior_2026,EC,3.09
2026-01-14,Soft Hands,downrange,Post,downrange - SLT4 at The Wood Minus Dauber
2026-01-14,Duck Hunt,winter_warrior_2026,EC,0.0
2026-01-14,Spit Valve,the-colosseum,Post,"the-colosseum - Yo Mama so Fat, Heavy Ruck Club"
2026-01-14,Mr. Kotter,the-ridge,Post,the-ridge - Dog park loop
2026-01-14,Slackbot,downrange,Post,downrange - SLT4 at The Wood Minus Dauber
2026-01-14,Depends (3rdF Q),the-colosseum,Post,"the-colosseum - Yo Mama so Fat, Heavy Ruck Club"
2026-01-14,Foreclosure,winter_warrior_2026,EC,4.0
2026-01-14,Soft Hands,winter_warrior_2026,EC,4.0
2026-01-14,Sparkler,downrange,Post,downrange - SLT4 at The Wood Minus Dauber
2026-01-14,Foreclosure,downrange,Post,downrange - SLT4 at The Wood Minus Dauber
2026-01-14,Chum Bucket,winter_warrior_2026,EC,2.0
2026-01-14,Duck Hunt,ravens-nest,Post,ravens-nest - Pop-Tart at Ravens Nest
2026-01-14,Chum Bucket,downrange,Post,downrange - SLT4 at The Wood Minus Dauber
2026-01-14,Slackbot,downrange,Q,downrange - SLT4 at The Wood Minus Dauber
2026-01-14,Deja vu,winter_warrior_2026,EC,1.51
2026-01-15,Deja vu,downrange,Post,downrange - Running and Lifting at The Campus
2026-01-15,Duck Hunt,winter_warrior_2026,EC,0.0
2026-01-15,Mr. Kotter,winter_warrior_2026,EC,4.5
2026-01-15,Party in a bottle,the-ridge,Post,the-ridge - Below Zero Beatdown with Foundation ❄️?
2026-01-15,Dilly Dilly,the-ridge,Post,the-ridge - Below Zero Beatdown with Foundation ❄️?
2026-01-15,Depends (3rdF Q),3rd-f-qsource,QS/3rdF,QS Language
2026-01-15,Pull-up,3rd-f-qsource,QS/3rdF,QS Language
2026-01-15,Foghorn,black-diamond,Post,black-diamond - Pull Up’s 4 Corner Beatdown
2026-01-15,Duck Hunt,black-diamond,Post,black-diamond - Pull Up’s 4 Corner Beatdown
2026-01-15,Mr. Kotter,3rd-f-qsource,QS/3rdF,QS Language
2026-01-15,Mr. Kotter,black-diamond,Post,black-diamond - Pull Up’s 4 Corner Beatdown
2026-01-15,Foreclosure,black-diamond,Post,black-diamond - Pull Up’s 4 Corner Beatdown
2026-01-15,Broomstick,black-diamond,Post,black-diamond - Pull Up’s 4 Corner Beatdown
2026-01-15,Pull-up,black-diamond,Post,black-diamond - Pull Up’s 4 Corner Beatdown
2026-01-15,Pull-up,black-diamond,Q,black-diamond - Pull Up’s 4 Corner Beatdown
2026-01-15,Sparkler,black-diamond,Post,black-diamond - Pull Up’s 4 Corner Beatdown
2026-01-16,Soft Hands,downrange,Post,downrange - 3R beatdown
2026-01-16,Sparkler,winter_warrior_2026,EC,3.17
2026-01-16,Chum Bucket,winter_warrior_2026,EC,2.0
2026-01-16,Mr. Kotter,winter_warrior_2026,EC,1.72
2026-01-16,Foreclosure,winter_warrior_2026,EC,4.0
2026-01-16,Sparkler,the-grove,Post,the-grove - Old Maid's 500th Post with 500 Reps at TG
2026-01-16,Pull-up,the-grove,Post,the-grove - Old Maid's 500th Post with 500 Reps at TG
2026-01-16,Chum Bucket,the-grove,Post,the-grove - Old Maid's 500th Post with 500 Reps at TG
2026-01-16,Mr. Kotter,the-grove,Post,the-grove - Old Maid's 500th Post with 500 Reps at TG
2026-01-16,Foreclosure,downrange,Q,downrange - 3R beatdown
2026-01-16,Slackbot,downrange,Q,downrange - RC at BP
2026-01-16,Slackbot,downrange,Post,downrange - RC at BP
2026-01-16,Dilly Dilly,winter_warrior_2026,EC,1.8
2026-01-16,Spit Valve,winter_warrior_2026,EC,3.06
2026-01-16,Dauber,the-olympiad,Post,the-olympiad - Cutlers Neighborhood Court Run
2026-01-16,Depends (3rdF Q),the-olympiad,Post,the-olympiad - Cutlers Neighborhood Court Run
2026-01-16,Spit Valve,the-olympiad,Post,the-olympiad - Cutlers Neighborhood Court Run
2026-01-16,Deja vu,downrange,Post,downrange - 3R beatdown
2026-01-16,Duck Hunt,winter_warrior_2026,EC,0.0
2026-01-16,Deja vu,winter_warrior_2026,EC,1.05
2026-01-16,Dauber,winter_warrior_2026,EC,3.25
2026-01-16,Hodl,the-colosseum,Post,the-colosseum - Napster’s 51st Bday Bash
2026-01-16,Pull-up,winter_warrior_2026,EC,3.18
2026-01-16,Depends (3rdF Q),winter_warrior_2026,EC,3.25
2026-01-16,Mr. Kotter,winter_warrior_2026,EC,3.17
2026-01-16,Dilly Dilly,the-ridge,Post,the-ridge - Morty’s Bullseye BC
2026-01-16,Duck Hunt,da-grizz,Post,da-grizz - Against the odds
2026-01-16,Foreclosure,downrange,Post,downrange - 3R beatdown
2026-01-17,Duck Hunt,da-grizz-ebc,Post,da-grizz-ebc - Boom
2026-01-17,Mr. Kotter,da-grizz-ebc,Post,da-grizz-ebc - Boom
2026-01-17,Deja vu,3rd-f,QS/3rdF,Picking up Wreaths
2026-01-17,Duck Hunt,da-grizz,Post,da-grizz - Windchill and Mumblechatter
2026-01-17,Mr. Kotter,da-grizz,Post,da-grizz - Windchill and Mumblechatter
2026-01-17,Deja vu,downrange,Post,downrange - Rick Club at The Wood
2026-01-17,Depends (3rdF Q),winter_warrior_2026,EC,7.19
2026-01-17,Soft Hands,the-ridge,Post,the-ridge - Ultimate Football
2026-01-17,Dilly Dilly,the-colosseum,Post,the-colosseum - Pop tarts Dora and Run!
2026-01-17,Foghorn,the-colosseum,Post,the-colosseum - Pop tarts Dora and Run!
2026-01-17,Hodl,the-colosseum,Post,the-colosseum - Pop tarts Dora and Run!
2026-01-17,Party in a bottle,the-colosseum,Post,the-colosseum - Pop tarts Dora and Run!
2026-01-18,Pull-up,winter_warrior_2026,EC,5.03
2026-01-18,Deja vu,winter_warrior_2026,EC,3.52
2026-01-18,Deja vu,winter_warrior_2026,EC,2.58
2026-01-18,Slackbot,winter_warrior_2026,EC,2.58
2026-01-18,Mr. Kotter,2nd-f,2ndF,Darn cold ruck
2026-01-19,Spit Valve,the-colosseum,Post,the-colosseum - Bear Down ?
2026-01-19,Depends (3rdF Q),winter_warrior_2026,EC,3.35
2026-01-19,Spit Valve,the-colosseum,Q,the-colosseum - Bear Down ?
2026-01-19,Spit Valve,winter_warrior_2026,EC,1.67
2026-01-19,Hodl,the-ridge,Post,the-ridge - Colder then cold Monday morning
2026-01-19,Mr. Kotter,the-ridge,Post,the-ridge - Colder then cold Monday morning
2026-01-19,Deja vu,downrange,Post,downrange - Picasso Q at The Wood
2026-01-19,Pull-up,winter_warrior_2026,EC,3.19
2026-01-19,Stitch,the-silo,Post,the-silo - Antarctica at The Silo with EC and Foghorn
2026-01-19,Foghorn,the-silo,Post,the-silo - Antarctica at The Silo with EC and Foghorn
2026-01-19,Foghorn,the-silo,Q,the-silo - Antarctica at The Silo with EC and Foghorn
2026-01-19,Sparkler,winter_warrior_2026,EC,3.2
2026-01-19,Depends (3rdF Q),the-silo,Post,the-silo - Antarctica at The Silo with EC and Foghorn
2026-01-19,Pull-up,the-silo,Post,the-silo - Antarctica at The Silo with EC and Foghorn
2026-01-19,Sparkler,the-silo,Post,the-silo - Antarctica at The Silo with EC and Foghorn
2026-01-20,Deja vu,downrange,Post,downrange - 3 Rivers: Pearls on a String and a Double Dora
2026-01-20,Duck Hunt,winter_warrior_2026,EC,3.18
2026-01-20,Foreclosure,winter_warrior_2026,EC,3.18
2026-01-20,Pull-up,the-colosseum,Post,the-colosseum - Poptart’s Pavilion Party
2026-01-20,Mr. Kotter,winter_warrior_2026,EC,4.0
2026-01-20,Dauber,winter_warrior_2026,EC,1.0
2026-01-20,Pull-up,winter_warrior_2026,EC,3.0
2026-01-20,Sparkler,winter_warrior_2026,EC,3.18
2026-01-20,Hodl,black-diamond,Post,black-diamond - Spit valve run club
2026-01-20,Depends (3rdF Q),black-rock,Post,black-rock - Sparkler and Duck Hunt Co-Q
2026-01-20,Spit Valve,black-diamond,Post,black-diamond - Spit valve run club
2026-01-20,Spit Valve,black-diamond,Q,black-diamond - Spit valve run club
2026-01-20,Foreclosure,black-rock,Post,black-rock - Sparkler and Duck Hunt Co-Q
2026-01-20,Mr. Kotter,black-diamond,Post,black-diamond - Spit valve run club
2026-01-20,Soft Hands,black-rock,Post,black-rock - Sparkler and Duck Hunt Co-Q
2026-01-20,Chum Bucket,black-diamond,Post,black-diamond - Spit valve run club
2026-01-20,Sparkler,black-rock,Post,black-rock - Sparkler and Duck Hunt Co-Q
2026-01-20,Sparkler,black-rock,Q,black-rock - Sparkler and Duck Hunt Co-Q
2026-01-20,Duck Hunt,black-rock,Post,black-rock - Sparkler and Duck Hunt Co-Q
2026-01-20,Chum Bucket,winter_warrior_2026,EC,1.0
2026-01-20,Dilly Dilly,black-diamond,Post,black-diamond - Spit valve run club
2026-01-20,Dauber,black-diamond,Post,black-diamond - Spit valve run club
2026-01-21,Spit Valve,winter_warrior_2026,EC,7.5
2026-01-21,Foreclosure,winter_warrior_2026,EC,3.11
2026-01-21,Sparkler,winter_warrior_2026,EC,4.45
2026-01-21,Deja vu,winter_warrior_2026,EC,1.24
2026-01-21,Dauber,winter_warrior_2026,EC,3.36
2026-01-21,Pull-up,winter_warrior_2026,EC,3.18
2026-01-21,Mr. Kotter,winter_warrior_2026,EC,3.19
2026-01-21,Chum Bucket,winter_warrior_2026,EC,2.0
2026-01-21,Dauber,3rd-f-qsource,Q,3rd-f-qsource - M Source Week #3
2026-01-21,Dilly Dilly,the-ridge,Post,the-ridge - Straight out and back
2026-01-21,Depends (3rdF Q),the-silo,Q,the-silo - Cake and Ice Cream! j/k Cake and Burpees
2026-01-21,Depends (3rdF Q),the-silo,Post,the-silo - Cake and Ice Cream! j/k Cake and Burpees
2026-01-21,Foghorn,the-silo,Post,the-silo - Cake and Ice Cream! j/k Cake and Burpees
2026-01-21,Foghorn,3rd-f-qsource,QS/3rdF,M Source Week #3
2026-01-21,Hodl,3rd-f-qsource,QS/3rdF,M Source Week #3
2026-01-21,Mr. Kotter,3rd-f-qsource,QS/3rdF,M Source Week #3
2026-01-21,Foreclosure,the-silo,Post,the-silo - Cake and Ice Cream! j/k Cake and Burpees
2026-01-21,Sparkler,the-ridge,Post,the-ridge - Straight out and back
2026-01-21,Depends (3rdF Q),3rd-f-qsource,QS/3rdF,M Source Week #3
2026-01-21,Dauber,3rd-f-qsource,QS/3rdF,M Source Week #3
2026-01-21,Chum Bucket,the-silo,Post,the-silo - Cake and Ice Cream! j/k Cake and Burpees
2026-01-21,Pull-up,the-ridge,Q,the-ridge - Straight out and back
2026-01-21,Pull-up,the-ridge,Post,the-ridge - Straight out and back
2026-01-21,Mr. Kotter,the-ridge,Post,the-ridge - Straight out and back
2026-01-21,Mr. Kotter,winter_warrior_2026,EC,4.0
2026-01-21,Deja vu,downrange,Post,downrange - Rooney’s 7’s at The Wood
2026-01-21,Foreclosure,2nd-f,2ndF,"Villa, back in action. Prairie Bluff Golf Club"
2026-01-21,Soft Hands,the-ridge,Post,the-ridge - Straight out and back
2026-01-21,Dauber,the-ridge,Post,the-ridge - Straight out and back
2026-01-22,Chum Bucket,winter_warrior_2026,EC,1.0
2026-01-22,Sparkler,black-diamond,Post,black-diamond - Leg Day by Mr Kotter
2026-01-22,Depends (3rdF Q),3rd-f-qsource,Q,3rd-f-qsource - Group!
2026-01-22,Hodl,the-colosseum,Post,the-colosseum - The Thing’s Failures
2026-01-22,Chum Bucket,3rd-f-qsource,QS/3rdF,Group!
2026-01-22,Mr. Kotter,black-diamond,Q,black-diamond - Leg Day by Mr Kotter
2026-01-22,Deja vu,the-colosseum,Post,the-colosseum - The Thing’s Failures
2026-01-22,Broomstick,black-diamond,Post,black-diamond - Leg Day by Mr Kotter
2026-01-22,Pull-up,3rd-f-qsource,QS/3rdF,Group!
2026-01-22,Foreclosure,black-diamond,Post,black-diamond - Leg Day by Mr Kotter
2026-01-22,Pull-up,black-diamond,Post,black-diamond - Leg Day by Mr Kotter
2026-01-22,Deja vu,winter_warrior_2026,EC,0.77
2026-01-22,Pull-up,winter_warrior_2026,EC,3.5
2026-01-22,Party in a bottle,the-colosseum,Q,the-colosseum - The Thing’s Failures
2026-01-22,Depends (3rdF Q),3rd-f-qsource,QS/3rdF,Group!
2026-01-22,Mr. Kotter,black-diamond,Post,black-diamond - Leg Day by Mr Kotter
2026-01-22,Party in a bottle,the-colosseum,Post,the-colosseum - The Thing’s Failures
2026-01-22,Foghorn,black-diamond,Post,black-diamond - Leg Day by Mr Kotter
2026-01-22,Dilly Dilly,the-ridge,Post,the-ridge - Hoosiers on Ice at The Ridge ❄️?
2026-01-22,Sparkler,winter_warrior_2026,EC,3.68
2026-01-22,Chum Bucket,el-coyote,Q,el-coyote - Chum Run
2026-01-22,Chum Bucket,el-coyote,Post,el-coyote - Chum Run
2026-01-22,Mr. Kotter,winter_warrior_2026,EC,4.13
2026-01-23,Party in a bottle,the-colosseum,Post,the-colosseum - Jelly’s Icy Pearls
2026-01-23,Spit Valve,the-olympiad,Post,the-olympiad - Gopher ICE Run
2026-01-23,Duck Hunt,da-grizz,Post,da-grizz - No Ozark Shorts today ❄️
2026-01-23,Soft Hands,the-olympiad,Post,the-olympiad - Gopher ICE Run
2026-01-23,Foghorn,the-grove,Post,the-grove - Hatchet is Back at Grove Fridays!
2026-01-23,Sparkler,winter_warrior_2026,EC,4.0
2026-01-23,Sparkler,the-grove,Post,the-grove - Hatchet is Back at Grove Fridays!
2026-01-23,Slackbot,downrange,Q,downrange - DR RC at BP
2026-01-23,Depends (3rdF Q),the-olympiad,Post,the-olympiad - Gopher ICE Run
2026-01-23,Slackbot,downrange,Post,downrange - DR RC at BP
2026-01-23,Foreclosure,winter_warrior_2026,EC,3.24
2026-01-23,Dauber,winter_warrior_2026,EC,3.5
2026-01-23,Soft Hands,winter_warrior_2026,EC,3.5
2026-01-23,Depends (3rdF Q),winter_warrior_2026,EC,3.5
2026-01-23,Dauber,the-olympiad,Post,the-olympiad - Gopher ICE Run
2026-01-23,Spit Valve,winter_warrior_2026,EC,1.0
2026-01-24,Chum Bucket,winter_warrior_2026,EC,3.19
2026-01-24,Foreclosure,winter_warrior_2026,EC,1.67
2026-01-24,Party in a bottle,the-colosseum,Post,the-colosseum - Hank Hills -6 Beatdown!
2026-01-24,Hodl,the-ridge,Q,the-ridge - Holds Ruck Club with Merkins - Too cold for a pict...
2026-01-24,Foreclosure,the-colosseum,Post,the-colosseum - Hank Hills -6 Beatdown!
2026-01-24,Chum Bucket,the-colosseum,Post,the-colosseum - Hank Hills -6 Beatdown!
2026-01-24,Hodl,the-ridge,Post,the-ridge - Holds Ruck Club with Merkins - Too cold for a pict...
2026-01-24,Pull-up,winter_warrior_2026,EC,5.04
2026-01-24,Depends (3rdF Q),da-grizz,Post,da-grizz - Thesaurus on Q!
2026-01-24,Soft Hands,the-colosseum,Post,the-colosseum - Hank Hills -6 Beatdown!
2026-01-24,Dilly Dilly,the-colosseum,Post,the-colosseum - Hank Hills -6 Beatdown!
2026-01-24,Mr. Kotter,downrange,Post,downrange - Tinman VQ
2026-01-24,Depends (3rdF Q),da-grizz,Post,"da-grizz - ""Hey Boo Boo, it's -25 degrees time for a Ruck to ..."
2026-01-24,Mr. Kotter,downrange,Post,downrange - Outlands Convergence
2026-01-24,Slackbot,downrange,Q,downrange - Outlands Convergence
2026-01-24,Slackbot,downrange,Post,downrange - Outlands Convergence
2026-01-25,Hodl,2nd-f,2ndF,Heatwave ruck
2026-01-25,Foreclosure,winter_warrior_2026,Snowman,Snowman LBS
2026-01-25,Mr. Kotter,winter_warrior_2026,EC,1.93
2026-01-25,Deja vu,winter_warrior_2026,EC,4.23
2026-01-26,Dauber,winter_warrior_2026,EC,3.0
2026-01-26,Pull-up,winter_warrior_2026,EC,3.0
2026-01-26,Depends (3rdF Q),the-colosseum,Post,the-colosseum - Chilly Run
2026-01-26,Deja vu,winter_warrior_2026,EC,1.12
2026-01-26,Deja vu,downrange,Q,downrange - BC at The Wood
2026-01-26,Deja vu,downrange,Post,downrange - BC at The Wood
2026-01-26,Depends (3rdF Q),winter_warrior_2026,EC,3.4
2026-01-26,Sparkler,winter_warrior_2026,EC,3.66
2026-01-26,Stitch,the-ridge,Post,the-ridge - The cold don’t stop Poptart
2026-01-26,Foreclosure,the-grove,Post,the-grove - Keep moving with Dauber
2026-01-26,Hodl,the-ridge,Post,the-ridge - The cold don’t stop Poptart
2026-01-26,Pull-up,the-silo,Post,the-silo - Not Hawaii
2026-01-26,Party in a bottle,the-silo,Post,the-silo - Not Hawaii
2026-01-26,Chum Bucket,winter_warrior_2026,EC,2.0
2026-01-26,Dauber,the-grove,Q,the-grove - Keep moving with Dauber
2026-01-26,Dauber,the-grove,Post,the-grove - Keep moving with Dauber
2026-01-26,Chum Bucket,the-grove,Post,the-grove - Keep moving with Dauber
2026-01-26,Sparkler,the-colosseum,Post,the-colosseum - Chilly Run
2026-01-26,Foreclosure,winter_warrior_2026,EC,3.1
2026-01-27,Soft Hands,downrange,Post,downrange - Run club at the wood
2026-01-27,Deja vu,downrange,Post,downrange - BC at Three Rivers - Ricola Q
2026-01-27,Pull-up,the-ridge,Post,the-ridge - Sparkler’s Wind or no Wind
2026-01-27,Deja vu,downrange,Q,downrange - BC at Three Rivers - Ricola Q
2026-01-27,Sparkler,the-ridge,Post,the-ridge - Sparkler’s Wind or no Wind
2026-01-27,Slackbot,downrange,Q,downrange - Run club at the wood
2026-01-27,Sparkler,the-ridge,Q,the-ridge - Sparkler’s Wind or no Wind
2026-01-27,Deja vu,winter_warrior_2026,EC,1.01
2026-01-27,Slackbot,downrange,Post,downrange - Run club at the wood
2026-01-27,Mr. Kotter,winter_warrior_2026,EC,2.0
2026-01-27,Foreclosure,downrange,Post,downrange - Run club at the wood
2026-01-27,Chum Bucket,the-ridge,Post,the-ridge - Sparkler’s Wind or no Wind
2026-01-27,Dilly Dilly,the-ridge,Post,the-ridge - Sparkler’s Wind or no Wind
2026-01-27,Mr. Kotter,winter_warrior_2026,EC,3.0
2026-01-27,Sparkler,winter_warrior_2026,EC,3.12
2026-01-27,Depends (3rdF Q),black-rock,Post,black-rock - Cutler's Emergency Themed Workout
2026-01-27,Dauber,black-diamond,Post,black-diamond - Spit valve run club
2026-01-27,Spit Valve,black-diamond,Q,black-diamond - Spit valve run club
2026-01-27,Foreclosure,winter_warrior_2026,EC,3.12
2026-01-27,Pull-up,winter_warrior_2026,EC,3.0
2026-01-27,Spit Valve,black-diamond,Post,black-diamond - Spit valve run club
2026-01-28,Deja vu,downrange,Post,downrange - BC at The Wood. Binford on Q
2026-01-28,Deja vu,winter_warrior_2026,Donation,Donation
2026-01-28,Chum Bucket,winter_warrior_2026,EC,2.5
2026-01-28,Pull-up,winter_warrior_2026,EC,3.18
2026-01-28,Deja vu,downrange,Q,downrange - BC at The Wood. Binford on Q
2026-01-28,Foreclosure,winter_warrior_2026,EC,3.14
2026-01-28,Duck Hunt,winter_warrior_2026,EC,3.14
2026-01-28,Foghorn,the-silo,Post,the-silo - Wazzzup Wednesday w/ PullUp
2026-01-28,Pull-up,the-silo,Post,the-silo - Wazzzup Wednesday w/ PullUp
2026-01-28,Pull-up,the-silo,Q,the-silo - Wazzzup Wednesday w/ PullUp
2026-01-28,Sparkler,winter_warrior_2026,EC,3.14
2026-01-28,Mr. Kotter,winter_warrior_2026,EC,3.09
2026-01-28,Slackbot,winter_warrior_2026,Donation,Donation
2026-01-28,Soft Hands,the-ridge,Post,the-ridge - Which way did he go??
2026-01-28,Deja vu,winter_warrior_2026,EC,2.05
2026-01-28,Dauber,winter_warrior_2026,EC,3.09
2026-01-28,Soft Hands,winter_warrior_2026,EC,3.09
2026-01-28,Duck Hunt,ravens-nest,Post,ravens-nest - Ozark @Ravens Nest
2026-01-28,Dilly Dilly,the-ridge,Post,the-ridge - Which way did he go??
2026-01-28,Dauber,the-ridge,Post,the-ridge - Which way did he go??
2026-01-28,Hodl,dmz,Q,dmz - HODL did the DMZ
2026-01-28,Chum Bucket,the-ridge,Post,the-ridge - Which way did he go??
2026-01-28,Spit Valve,winter_warrior_2026,EC,1.2
2026-01-28,Mr. Kotter,the-ridge,Post,the-ridge - Which way did he go??
2026-01-28,Spit Valve,the-ridge,Post,the-ridge - Which way did he go??
2026-01-28,Mr. Kotter,winter_warrior_2026,Donation,donation $25
2026-01-28,Mr. Kotter,winter_warrior_2026,EC,1.16
2026-01-28,Foreclosure,ravens-nest,Post,ravens-nest - Ozark @Ravens Nest
2026-01-28,Sparkler,ravens-nest,Post,ravens-nest - Ozark @Ravens Nest
2026-01-28,Hodl,dmz,Post,dmz - HODL did the DMZ
2026-01-28,Mr. Kotter,the-ridge,Q,the-ridge - Which way did he go??
2026-01-29,Sparkler,winter_warrior_2026,EC,2.5
2026-01-29,Mr. Kotter,el-coyote,Post,el-coyote - Pearls 2nd Q
2026-01-29,Hodl,3rd-f-qsource,QS/3rdF,The art of turning Interruption into Invitation!!
2026-01-29,Foghorn,3rd-f-qsource,QS/3rdF,The art of turning Interruption into Invitation!!
2026-01-29,Depends (3rdF Q),3rd-f-qsource,QS/3rdF,QSOURCE-LDP
2026-01-29,Mr. Kotter,3rd-f-qsource,QS/3rdF,The art of turning Interruption into Invitation!!
2026-01-29,Deja vu,winter_warrior_2026,EC,0.95
2026-01-29,Depends (3rdF Q),winter_warrior_2026,EC,3.19
2026-01-29,Foreclosure,winter_warrior_2026,EC,1.0
2026-01-29,Sparkler,black-diamond,Post,black-diamond - BD Fit Check
2026-01-29,Foreclosure,black-diamond,Q,black-diamond - BD Fit Check
2026-01-29,Foreclosure,black-diamond,Post,black-diamond - BD Fit Check
2026-01-29,Mr. Kotter,black-diamond,Post,black-diamond - BD Fit Check
2026-01-29,Chum Bucket,winter_warrior_2026,EC,2.5
2026-01-29,Foghorn,3rd-f-qsource,Q,3rd-f-qsource - The art of turning Interruption into Invitation!!
2026-01-29,Party in a bottle,the-colosseum,Post,the-colosseum - Ladder By Threes
2026-01-29,Pull-up,winter_warrior_2026,EC,1.87
2026-01-29,Deja vu,the-olympiad,Post,the-olympiad - Déjà vu’s Bootcamp w/ commercials
2026-01-29,Deja vu,the-olympiad,Q,the-olympiad - Déjà vu’s Bootcamp w/ commercials
2026-01-29,Depends (3rdF Q),the-olympiad,Post,the-olympiad - Déjà vu’s Bootcamp w/ commercials
2026-01-29,Pull-up,the-olympiad,Post,the-olympiad - Déjà vu’s Bootcamp w/ commercials
2026-01-29,Dauber,3rd-f-qsource,QS/3rdF,The art of turning Interruption into Invitation!!
2026-01-29,Depends (3rdF Q),3rd-f-qsource,QS/3rdF,The art of turning Interruption into Invitation!!
2026-01-29,Pull-up,3rd-f-qsource,QS/3rdF,QSOURCE-LDP
2026-01-30,Broomstick,the-ridge,Post,the-ridge - Privilege of Pressure
2026-01-30,Hodl,winter_warrior_2026,EC,1.55
2026-01-30,Mr. Kotter,winter_warrior_2026,EC,1.55
2026-01-30,Slackbot,downrange,Q,downrange - DR F3 Louisville @Pleasantville | Steve-O Q
2026-01-30,Slackbot,downrange,Post,downrange - DR F3 Louisville @Pleasantville | Steve-O Q
2026-01-30,Hodl,the-ridge,Post,the-ridge - Privilege of Pressure
2026-01-30,Mr. Kotter,the-ridge,Post,the-ridge - Privilege of Pressure